country,import_country,imports,exports
United Arab Emirates,India,28583.0745649068,4414.88748681
United Arab Emirates,China,20799.6968106304,4371.58112915
United Arab Emirates,United States of America,4294.010673076,3727.54829911
United Arab Emirates,Japan,2348.284498992,12707.941228117
United Arab Emirates,South Korea,2133.51770258,5671.10500884
United Arab Emirates,Germany,1884.62753898341,0.0
United Arab Emirates,Indonesia,1612.51691442292,0.0
United Arab Emirates,United Kingdom,1254.7775958858,1542.90632747
United Arab Emirates,Others,13914.9185531333,11157.9782103263
United Arab Emirates,Thailand,0.0,1808.51778845
United Arab Emirates,Kenya,0.0,1074.067820708
Madagascar,China,890.53118532585,32.64370692
Madagascar,India,194.12180104314,0.0
Madagascar,South Africa,121.0929979371,0.0
Madagascar,United States of America,96.0563560855,108.13151357
Madagascar,France,87.96217418821,159.544715937
Madagascar,Japan,50.8475985105,35.774201687
Madagascar,Germany,48.7084998549287,54.56374325
Madagascar,Mauritius,38.1752236649,23.411731476
Madagascar,Others,419.95761069149,216.73687369639
Madagascar,Indonesia,0.0,42.464659193
Madagascar,United Kingdom,0.0,33.049699871
Tonga,Others,0.0,0.0
Ecuador,United States of America,3200.395540027,1879.7140587
Ecuador,China,1750.73933145611,243.91597929
Ecuador,Colombia,793.53939238,935.62891857
Ecuador,Brazil,531.8945986857,0.0
Ecuador,Venezuela,495.8878045388,0.0
Ecuador,Chile,447.1144541163,382.56393944
Ecuador,Germany,309.807396943751,0.0
Ecuador,Mexico,288.551258224831,0.0
Ecuador,Others,3146.19334050697,2724.18577151901
Ecuador,Peru,0.0,465.307203581
Ecuador,Panama,0.0,458.70125745
Ecuador,South Korea,0.0,407.57970954
Ecuador,Japan,0.0,310.07724948
Palau,Others,0.0,0.0
Azerbaijan,China,695.23283819882,179.13873882
Azerbaijan,Turkey,612.0710764643,298.3451817
Azerbaijan,United States of America,293.4878040654,236.00478888
Azerbaijan,India,152.1056434795,0.0
Azerbaijan,Germany,149.173538199194,575.9409314
Azerbaijan,Poland,75.0871729767,0.0
Azerbaijan,United Kingdom,73.84646763298,149.50994032
Azerbaijan,Bulgaria,59.2157662736,0.0
Azerbaijan,Others,676.95303319914,1257.31916363869
Azerbaijan,Italy,0.0,1194.17478801
Azerbaijan,France,0.0,411.27333694
Azerbaijan,Austria,0.0,94.38335457
Viet Nam,China,18350.1661222415,5513.52577841882
Viet Nam,Japan,3661.692666356,7495.22862765405
Viet Nam,Taiwan,3219.9679099911,0.0
Viet Nam,South Korea,2611.530227734,2007.31072692515
Viet Nam,United States of America,2392.848005155,2791.3055112947
Viet Nam,Thailand,2358.804203876,0.0
Viet Nam,India,1844.5094157076,0.0
Viet Nam,Indonesia,1774.917847535,1200.96486273659
Viet Nam,Others,7974.13387639922,13952.3750728376
Viet Nam,Australia,0.0,2734.33150461345
Viet Nam,Germany,0.0,2328.69388366206
Viet Nam,United Kingdom,0.0,1466.47244086685
Lithuania,China,1704.88356057703,168.282656439
Lithuania,Poland,849.7681224665,279.569154085
Lithuania,Germany,772.815928052491,435.25572428
Lithuania,United States of America,315.3132765125,310.63220331
Lithuania,India,234.3615599648,0.0
Lithuania,Czechia,228.9493792703,0.0
Lithuania,Italy,189.843036190634,0.0
Lithuania,France,143.64480343847,174.733563942
Lithuania,Others,1964.03223254754,1972.06554296932
Lithuania,United Kingdom,0.0,302.356140098
Lithuania,Sweden,0.0,183.017612858
Lithuania,Denmark,0.0,127.497590569
Turkey,China,24590.042166198,1649.32238637
Turkey,Germany,8857.03802143203,4894.831591931
Turkey,India,8028.11906168,0.0
Turkey,United States of America,7230.092745519,5229.59625621
Turkey,Italy,3997.26130169905,2359.261930631
Turkey,Bulgaria,2885.016946295,0.0
Turkey,France,2530.6070667445,2174.339023789
Turkey,Japan,2528.046870211,0.0
Turkey,Others,33266.4020800713,12746.5891865807
Turkey,United Kingdom,0.0,3627.71554016
Turkey,Spain,0.0,1445.806080417
Turkey,Netherlands,0.0,895.7248601474
Armenia,United States of America,131.7945832214,43.7045561781
Armenia,China,99.7407997551,31.0240651395
Armenia,Turkey,83.15297812,0.0
Armenia,Germany,54.8729736542311,32.2717948597
Armenia,India,48.47618264489,0.0
Armenia,Bulgaria,41.8873107966,0.0
Armenia,Italy,35.672902881182,14.8551747124
Armenia,Greece,32.135024487837,0.0
Armenia,Others,299.409710654833,171.716051761323
Armenia,Belgium,0.0,23.00624919326
Armenia,United Kingdom,0.0,17.8784473639
Armenia,France,0.0,17.80762924585
Armenia,Serbia,0.0,14.073896682
Australia,China,34304.0688873922,18694.1386355
Australia,United States of America,25012.61539674,13634.246544387
Australia,Japan,9056.73425799,18804.68805636
Australia,India,4319.763936718,6519.20213687
Australia,Malaysia,3939.09512136,0.0
Australia,Indonesia,3887.7166318682,6011.699379772
Australia,Thailand,3773.8696066956,0.0
Australia,South Korea,3672.42424799,6251.692725019
Australia,Others,29734.4676997758,33745.1156259165
Australia,New Zealand,0.0,4525.8123883599
Australia,Hong Kong,0.0,4315.31023253
Malaysia,China,23773.9705412094,19827.6563386
Malaysia,United States of America,11781.930206559,20102.49561322
Malaysia,Japan,10511.60572929,13647.84939244
Malaysia,India,5894.755594263,5072.1229838
Malaysia,Indonesia,4801.7696945936,5106.85083075
Malaysia,South Korea,4720.72060935,4839.81347978
Malaysia,Thailand,4033.2158665728,0.0
Malaysia,Australia,3623.891522547,0.0
Malaysia,Others,20139.1248238379,40176.2530856655
Malaysia,Singapore,0.0,15249.574075232
Malaysia,United Kingdom,0.0,4607.94342011
Chile,China,7707.10509940754,2913.373501719
Chile,Argentina,4677.72725906269,1113.871101864
Chile,United States of America,4366.637724269,4797.563921133
Chile,Brazil,2018.685721431,1408.702544851
Chile,India,1512.5587493307,0.0
Chile,Germany,889.340333064011,0.0
Chile,South Korea,772.497607586,0.0
Chile,Spain,647.72737420427,0.0
Chile,Others,8264.74756342528,9188.94847750939
Chile,Japan,0.0,2507.321337368
Chile,Mexico,0.0,1208.8719755513
Chile,Colombia,0.0,815.8388970322
Chile,Peru,0.0,763.3021199536
Uganda,India,1373.7254982178,0.0
Uganda,China,491.89941972287,11.77027853
Uganda,Kenya,438.6715040387,51.42665005
Uganda,South Africa,401.0015726506,0.0
Uganda,United States of America,110.0938823639,15.42914177
Uganda,Japan,103.6305717429,0.0
Uganda,United Kingdom,73.26370504646,9.627653328
Uganda,Germany,66.526008469188,9.95603781
Uganda,Others,639.185013000812,148.67437827179
Uganda,Rwanda,0.0,27.479668883
Uganda,Serbia,0.0,16.83344538
Uganda,Democratic Republic of the Congo,0.0,14.775120377
Uruguay,Argentina,1551.40792816829,252.5908039391
Uruguay,China,1307.82682589627,68.19933591
Uruguay,Brazil,1280.323521227,391.7740792672
Uruguay,United States of America,566.4095381198,88.110376281
Uruguay,India,276.037712798,0.0
Uruguay,Germany,159.341468610553,37.056169364
Uruguay,Spain,144.17469531954,0.0
Uruguay,Taiwan,114.46558211448,0.0
Uruguay,Others,1369.6188501662,301.900100488257
Uruguay,Paraguay,0.0,42.2593909416
Uruguay,Chile,0.0,31.1263719669
Uruguay,Mexico,0.0,23.46067112
Djibouti,China,85.66591427662,6.653303192
Djibouti,India,42.8354838879,4.183822862
Djibouti,United States of America,11.6113816361,6.723094036
Djibouti,South Africa,8.76694879117,0.0
Djibouti,Japan,8.58923617072,3.202571302
Djibouti,France,7.98944893656,0.0
Djibouti,South Korea,6.7987495639,0.0
Djibouti,Italy,6.614949316941,0.0
Djibouti,Others,89.5594555016512,78.8869699291174
Djibouti,Serbia,0.0,35.64699685
Djibouti,Montenegro,0.0,4.311668743
Djibouti,United Kingdom,0.0,3.369438637
Djibouti,Kenya,0.0,3.0506709504
Bahamas,United States of America,1567.6562434492,136.1771654933
Bahamas,China,81.30271145628,0.0
Bahamas,Canada,32.541122490696,0.0
Bahamas,Taiwan,28.87166936713,0.0
Bahamas,Japan,23.35314882041,0.0
Bahamas,Netherlands,22.35986166808,0.0
Bahamas,India,19.28689030679,0.0
Bahamas,Mexico,13.2591890012827,0.0
Bahamas,Others,182.887025954241,189.267185321047
Bahamas,Germany,0.0,97.3902321938
Bahamas,United Kingdom,0.0,78.0924501258
Bahamas,Paraguay,0.0,46.48178511885
Bahamas,Spain,0.0,34.9079568069
Bahamas,Switzerland,0.0,31.0193502174
Bahamas,France,0.0,22.5626578699
Bahamas,Cuba,0.0,19.88953892739
Laos,Thailand,392.42234641655,277.65385296
Laos,China,234.19743112993,85.10694296
Laos,Vietnam,65.2635537812573,79.19481461
Laos,India,61.03689020565,0.0
Laos,Japan,32.14118571921,63.37758826
Laos,United States of America,22.6235848276,53.01563537
Laos,South Korea,19.6178127721,0.0
Laos,Taiwan,13.38131509913,0.0
Laos,Others,152.638440310125,241.57524607535
Laos,Germany,0.0,33.40720348
Laos,United Kingdom,0.0,32.93574228
Laos,Serbia,0.0,32.7725827
Guinea,China,206.78365386564,41.40833249
Guinea,India,95.9771573228,0.0
Guinea,United States of America,80.9160346288,80.88094722
Guinea,Ivory Coast,65.422362276,0.0
Guinea,France,48.48497380566,39.171290277
Guinea,Japan,39.7043456623,0.0
Guinea,Germany,27.394171016372,35.1318025
Guinea,Belgium,26.6592106936,0.0
Guinea,Others,298.545550697058,271.315021014202
Guinea,Spain,0.0,51.370779113
Guinea,South Korea,0.0,42.082101217
Guinea,Ireland,0.0,31.051634938
Guinea,United Kingdom,0.0,30.723432367
Indonesia,China,30025.2160816665,19943.703753228
Indonesia,United States of America,14093.695259313,17003.637374598
Indonesia,Japan,10200.70499216,16864.480581467
Indonesia,India,7203.9302247,4271.5218480452
Indonesia,Australia,6011.699379772,0.0
Indonesia,South Korea,5569.8441165,6799.544344993
Indonesia,Malaysia,5106.85083075,4801.7696945936
Indonesia,Singapore,3986.903513787,12157.8655247032
Indonesia,Others,24331.4687360948,38501.9808198608
Indonesia,United Kingdom,0.0,4245.8983966989
Malta,China,431.180132027758,89.33336801
Malta,Italy,196.399113967917,137.659656474
Malta,United States of America,188.94147698165,153.86909204
Malta,Germany,137.447348151355,83.10931168
Malta,India,125.02091452175,0.0
Malta,United Kingdom,102.780642968023,77.9172465
Malta,France,75.13413565487,0.0
Malta,Japan,49.519855962,0.0
Malta,Others,548.566483715671,709.60513589581
Malta,Singapore,0.0,75.389541827
Malta,Spain,0.0,55.087001971
Malta,Indonesia,0.0,48.980219643
Moldova,China,6.2239195114,60.88340735
Moldova,Zimbabwe,3.0895803517,0.0
Moldova,South Africa,2.964540675331,0.0
Moldova,India,2.770564244103,0.0
Moldova,Poland,2.4698854445,0.0
Moldova,United States of America,2.14089533172,187.7951255
Moldova,Italy,2.006065506828,0.0
Moldova,Vietnam,1.923720929452,0.0
Moldova,Others,31.0368098089131,589.4367273608
Moldova,United Kingdom,0.0,49.84022041
Moldova,Japan,0.0,47.35488257
Moldova,Germany,0.0,43.21534713
Moldova,Serbia,0.0,27.63848797
Moldova,Romania,0.0,24.074062578
Moldova,Australia,0.0,20.93526641
Lesotho,China,433.39854914759,1.2471124854
Lesotho,Taiwan,303.965278344,0.0
Lesotho,South Korea,82.715421823,0.0
Lesotho,Japan,72.2604490994,0.0
Lesotho,United States of America,64.5046259908,26.900987784
Lesotho,Malaysia,61.246704918,0.0
Lesotho,India,37.44744120163,0.0
Lesotho,South Africa,35.77257638581,0.0
Lesotho,Others,394.302199039609,15.6539524870643
Lesotho,Serbia,0.0,2.6312000655
Lesotho,Guinea,0.0,1.68611609627
Lesotho,Belgium,0.0,1.37994261351
Lesotho,United Kingdom,0.0,1.3129652395
Lesotho,France,0.0,0.9252500843
Lesotho,Germany,0.0,0.8815452697
Aruba,United States of America,240.037649139,34.67384361
Aruba,Venezuela,116.4396093384,2.445028086
Aruba,China,112.37654778206,2.511213061
Aruba,Mexico,29.1285729562793,0.0
Aruba,Netherlands,24.41313731052,0.0
Aruba,Germany,16.281262292307,0.0
Aruba,Brazil,14.48431161079,6.284290297
Aruba,India,13.86554036015,0.0
Aruba,Others,207.799051069815,31.9699394313
Aruba,Serbia,0.0,4.6641385
Aruba,United Kingdom,0.0,3.323595993
Aruba,Guatemala,0.0,2.8750462991
Aruba,Colombia,0.0,1.6321287997
Paraguay,China,1600.78933624744,0.0
Paraguay,Brazil,1596.855802731,344.339829643
Paraguay,Argentina,1281.81933354107,252.676016858
Paraguay,United States of America,572.2085814116,55.3947150437
Paraguay,Japan,200.1287258445,0.0
Paraguay,India,174.7049435589,0.0
Paraguay,Germany,136.05146626821,0.0
Paraguay,Chile,104.06063228749,55.0823011425
Paraguay,Others,1027.46352146195,238.814827771496
Paraguay,Venezuela,0.0,22.8301551677
Paraguay,Serbia,0.0,18.4426469644
Paraguay,Bolivia,0.0,16.9679333498
Paraguay,Italy,0.0,16.3433487174
Mongolia,China,1299.28983017014,4798.24144987
Mongolia,South Korea,136.871996176,1542.837211237
Mongolia,Japan,109.620435906,360.772784322
Mongolia,United States of America,91.4327245097,1114.79743875
Mongolia,Germany,54.2093292158365,144.201254862
Mongolia,India,52.55010836536,141.616266351
Mongolia,Poland,21.9459530312,0.0
Mongolia,Czechia,18.9028592757,0.0
Mongolia,Others,311.584050578782,1395.95858091759
Mongolia,Hong Kong,0.0,239.53129352
Mongolia,United Kingdom,0.0,135.427010978
Uzbekistan,China,525.09044530982,682.36316593517
Uzbekistan,Turkey,323.562946141,575.72791211429
Uzbekistan,South Korea,246.696020727,367.7137203707
Uzbekistan,United States of America,235.9879927024,556.9259779378
Uzbekistan,Germany,133.492744131555,432.60624492904
Uzbekistan,India,106.0978098305,0.0
Uzbekistan,Poland,70.056373069,0.0
Uzbekistan,Italy,53.38893583011,374.77902518556
Uzbekistan,Others,647.668679430743,3790.15004982189
Uzbekistan,Japan,0.0,379.74180373402
Uzbekistan,France,0.0,313.65520837335
Faeroe Islands,Others,0.0,0.0
Liberia,China,15.95267738647,20.30519407
Liberia,India,8.69212093267,13.879610747
Liberia,United States of America,5.24978086459,33.3746049
Liberia,South Africa,5.249502959054,0.0
Liberia,Poland,4.388269145,0.0
Liberia,Japan,4.23071229766,0.0
Liberia,Zimbabwe,3.975825277,0.0
Liberia,Vietnam,3.8095126839442,0.0
Liberia,Others,70.2974543953038,134.52538018252
Liberia,Norway,0.0,75.328812892
Liberia,Germany,0.0,47.18258506
Liberia,United Kingdom,0.0,15.605234119
Liberia,France,0.0,13.872662196
Liberia,Serbia,0.0,12.12592368
Marshall Islands,Others,0.0,0.0
Belize,United States of America,186.9645699036,79.888368888
Belize,China,38.14464857922,6.754750668
Belize,Mexico,23.9271924477859,0.0
Belize,Taiwan,9.92113580997,0.0
Belize,Netherlands,9.81894104126,0.0
Belize,Guatemala,9.617397208,0.0
Belize,Japan,9.27081297332,32.048851656
Belize,Canada,7.44246716836764,0.0
Belize,Others,104.91500582591,107.114530231751
Belize,Guyana,0.0,156.6001835952
Belize,United Kingdom,0.0,48.295578686
Belize,Serbia,0.0,15.196620237
Belize,Spain,0.0,14.8296946001
Belize,Jamaica,0.0,6.07799669312
Gambia,China,39.93248755795,1.259915948
Gambia,Germany,16.5576953290512,0.609114454
Gambia,Italy,13.633704317802,0.0
Gambia,India,12.32092807717,0.0
Gambia,United States of America,10.34696574341,1.345344237
Gambia,Ivory Coast,6.6021615046,0.0
Gambia,United Kingdom,5.866643218168,1.24007303
Gambia,Senegal,5.6301210922,0.0
Gambia,Others,88.4975499876168,16.568861020962
Gambia,Kenya,0.0,3.39957145
Gambia,Serbia,0.0,3.0131506
Gambia,Guyana,0.0,1.450039202
Gambia,Japan,0.0,0.824489158
Thailand,China,32134.2692208254,12313.54605811
Thailand,Japan,9513.80134249,10827.502168988
Thailand,India,6870.9088080772,3351.5380337272
Thailand,United States of America,6677.96563183,15555.129904582
Thailand,Malaysia,4193.8433833,4033.2158665728
Thailand,South Korea,3732.387135522,0.0
Thailand,Taiwan,3097.8019366149,0.0
Thailand,Indonesia,2231.7629498061,3550.38494905
Thailand,Others,17374.852633425,37177.0113347292
Thailand,Australia,0.0,3773.8696066956
Thailand,United Kingdom,0.0,3674.103348841
Honduras,United States of America,1851.318022276,1789.18387232
Honduras,China,399.66743736048,0.0
Honduras,Guatemala,239.5273088367,148.941737456
Honduras,El Salvador,206.0020428632,189.642547245
Honduras,Mexico,182.718930071147,0.0
Honduras,Panama,181.5680748192,38.457670036
Honduras,Taiwan,167.87197652761,0.0
Honduras,North Korea,109.518014545,0.0
Honduras,Others,1015.04300389645,402.313794099007
Honduras,Costa Rica,0.0,54.72534247
Honduras,Japan,0.0,49.655821646
Honduras,Germany,0.0,46.596762456
Honduras,United Kingdom,0.0,37.415708497
Kazakhstan,China,2434.10645750226,16136.8096575675
Kazakhstan,Turkey,595.394035188,2747.9565833556
Kazakhstan,Germany,496.203414368282,6139.137295398
Kazakhstan,United States of America,485.5982521151,7244.0514416378
Kazakhstan,India,463.4137596494,0.0
Kazakhstan,Poland,270.7121397852,0.0
Kazakhstan,Italy,206.90856029979,3856.23704658
Kazakhstan,United Kingdom,175.80513460771,0.0
Kazakhstan,Others,1947.89097975764,23536.8630993735
Kazakhstan,France,0.0,3257.4287294813
Kazakhstan,Romania,0.0,2929.6316028373
Kazakhstan,Austria,0.0,2172.1676643921
Peru,China,5007.69116405932,932.975248
Peru,United States of America,3668.581173656,1325.27736474
Peru,India,1147.5240832497,0.0
Peru,Brazil,1051.359691096,292.86536993
Peru,Chile,763.3021199536,246.248617059
Peru,Venezuela,717.8561247708,200.01706954
Peru,Japan,714.349184933,331.273827124
Peru,Argentina,562.285207268157,0.0
Peru,Others,5944.40920211306,2361.20979067869
Peru,Colombia,0.0,254.106954191
Peru,Germany,0.0,193.331952509
Fiji,Australia,298.6862245684,142.938988
Fiji,China,172.35007427171,9.64979867
Fiji,India,105.12262865026,0.0
Fiji,New Zealand,85.947097868079,28.736167612
Fiji,United States of America,45.7730360993,59.13972099
Fiji,Japan,33.49271354247,39.01340528
Fiji,Taiwan,32.00640369822,0.0
Fiji,Indonesia,24.969532981008,0.0
Fiji,Others,176.362752177349,87.18455820485
Fiji,United Kingdom,0.0,41.96878295
Fiji,Serbia,0.0,12.59263112
Fiji,Guyana,0.0,10.546688319
Albania,China,386.8982910453,13.17056503
Albania,Italy,356.732803842484,167.666844794
Albania,Greece,332.3308353332,66.96278518
Albania,Turkey,199.5222979334,0.0
Albania,Bulgaria,175.5117733674,0.0
Albania,Germany,113.445215679577,49.627654724
Albania,Macedonia,95.04381356,0.0
Albania,United States of America,68.8515170777,25.18404407
Albania,Others,579.948540811769,155.949586181473
Albania,Serbia,0.0,26.67635236
Albania,France,0.0,21.932068286
Albania,United Kingdom,0.0,13.748217383
Panama,United States of America,2677.634579117,275.9206857353
Panama,China,725.60762436152,0.0
Panama,Ecuador,458.70125745,205.9830954432
Panama,Taiwan,339.58859450087,0.0
Panama,Mexico,269.816903376171,0.0
Panama,Japan,269.7283658063,0.0
Panama,South Korea,211.9918099309,0.0
Panama,Venezuela,202.3196542857,467.6613521939
Panama,Others,2091.16293475678,947.391098687116
Panama,Guyana,0.0,333.6582650945
Panama,Guatemala,0.0,200.0899557078
Panama,Honduras,0.0,181.5680748192
Panama,El Salvador,0.0,167.031226726
Panama,Costa Rica,0.0,135.5538076687
Sierra Leone,China,127.32597014303,4.85880745
Sierra Leone,India,48.52027054019,0.0
Sierra Leone,United Kingdom,34.30368658736,4.98045641
Sierra Leone,United States of America,32.1561003687,11.85152711
Sierra Leone,South Africa,17.04706925756,0.0
Sierra Leone,Japan,15.08272941069,0.0
Sierra Leone,Germany,14.88462580165,3.5141646
Sierra Leone,Poland,12.5975213299,0.0
Sierra Leone,Others,216.47862809149,64.771512389
Sierra Leone,Greece,0.0,19.14755782
Sierra Leone,France,0.0,18.766938199
Sierra Leone,Serbia,0.0,14.8284713
Sierra Leone,Guyana,0.0,9.389657125
Tanzania,India,1477.0590231808,154.91203738
Tanzania,China,799.63976482827,127.16381252
Tanzania,South Africa,658.172781104,0.0
Tanzania,United States of America,161.6663391268,192.72435998
Tanzania,Kenya,159.0157321124,100.8163135
Tanzania,Japan,150.731872056,157.54652203
Tanzania,Australia,141.6333721278,0.0
Tanzania,Germany,100.262463572135,0.0
Tanzania,Others,814.766550949416,901.7337420723
Tanzania,Serbia,0.0,82.0691858
Tanzania,United Kingdom,0.0,70.94963897
Tanzania,France,0.0,60.66233959
Zimbabwe,South Africa,1206.716411386,0.0
Zimbabwe,China,257.803122024971,37.030534207
Zimbabwe,India,134.88419019861,0.0
Zimbabwe,Taiwan,82.04548274153,82.082481415
Zimbabwe,United States of America,74.15334107671,92.74423706
Zimbabwe,Botswana,69.7770326792,0.0
Zimbabwe,Japan,31.74826787222,44.83345461
Zimbabwe,Germany,31.0316409274532,24.738053778
Zimbabwe,Others,265.380113115063,830.4536691221
Zimbabwe,United Kingdom,0.0,62.42412109
Zimbabwe,Australia,0.0,18.745930332
Zimbabwe,Serbia,0.0,18.136454963
Netherlands,China,27561.5232601421,3945.191158857
Netherlands,Germany,10488.445328464,9267.999796704
Netherlands,United States of America,7796.621104001,7619.675500099
Netherlands,India,6073.8912265049,0.0
Netherlands,Belgium,3134.278503169,3802.2762610152
Netherlands,United Kingdom,2736.3168590577,8045.598493851
Netherlands,Japan,2454.9589389658,0.0
Netherlands,France,2204.98003607099,5281.280070769
Netherlands,Others,30483.0149217172,31274.317523998
Netherlands,Italy,0.0,3949.1286889712
Netherlands,Spain,0.0,2534.6260317081
Czechia,China,8032.69488323964,2287.306259697
Czechia,Germany,5025.20320330841,10494.784494833
Czechia,Poland,2492.677802543,3156.2636940964
Czechia,United States of America,1845.195687743,4005.682512547
Czechia,Slovakia,1737.985571802,3633.2202621845
Czechia,India,1287.669387588,0.0
Czechia,Italy,893.86273782108,2112.807015548
Czechia,Austria,881.79155781277,0.0
Czechia,Others,9183.81962623034,17322.7866184012
Czechia,United Kingdom,0.0,2480.304213731
Czechia,France,0.0,2215.7318574711
Saudi Arabia,China,23531.4645790898,13355.16195179
Saudi Arabia,India,14200.3960367312,21361.85499157
Saudi Arabia,United States of America,12133.389656736,18524.19924799
Saudi Arabia,Japan,4289.668414,17703.860493984
Saudi Arabia,Germany,4166.4402511072,0.0
Saudi Arabia,South Korea,3094.455821939,16160.06882248
Saudi Arabia,Egypt,2718.500497243,0.0
Saudi Arabia,Italy,1821.86547178234,0.0
Saudi Arabia,Others,24933.8831285875,44875.7795514307
Saudi Arabia,Indonesia,0.0,5727.121711814
Saudi Arabia,United Kingdom,0.0,5463.75637337
Saudi Arabia,Australia,0.0,3667.21009913
Dominican Republic,United States of America,3034.790776175,3365.55639365
Dominican Republic,China,1156.97878451435,48.91644751
Dominican Republic,Spain,331.656071065861,0.0
Dominican Republic,India,329.8477750215,0.0
Dominican Republic,Mexico,272.069144123351,0.0
Dominican Republic,Taiwan,259.08901811673,0.0
Dominican Republic,Japan,238.1904854595,40.411164165
Dominican Republic,Venezuela,234.8276908333,0.0
Dominican Republic,Others,1879.53312444505,408.18359720768
Dominican Republic,Guyana,0.0,171.838969894
Dominican Republic,Canada,0.0,71.490011187
Dominican Republic,Germany,0.0,64.5406424
Dominican Republic,United Kingdom,0.0,49.193272987
Dominican Republic,France,0.0,42.776301647
Cape Verde,Portugal,90.2744042769,0.5858085595
Cape Verde,China,50.19504037709,0.530688284
Cape Verde,United States of America,19.9718171884,0.578413492
Cape Verde,Japan,12.99691276731,0.249653385
Cape Verde,Spain,11.906944144018,0.0
Cape Verde,Germany,11.9052636290628,0.0
Cape Verde,South Africa,9.04020741101,0.0
Cape Verde,India,8.93374098312,0.0
Cape Verde,Others,135.74325816818,6.279821988268
Cape Verde,Serbia,0.0,2.62028047
Cape Verde,Mauritania,0.0,1.6824771651
Cape Verde,United Kingdom,0.0,0.302816388
Cape Verde,Montenegro,0.0,0.279820119
Austria,China,12251.4348237454,2436.854466122
Austria,Germany,11111.7209280424,5374.5368053005
Austria,United States of America,3143.396662719,3661.7571467435
Austria,Italy,2210.61140520832,2473.7157807773
Austria,India,2115.654971744,0.0
Austria,Czechia,1749.3297995037,0.0
Austria,Poland,1738.999364416,0.0
Austria,Japan,1120.859163302,0.0
Austria,Others,16897.2051334784,14053.552247971
Austria,United Kingdom,0.0,1651.8430211848
Austria,France,0.0,1584.2668914882
Austria,Switzerland,0.0,1435.93091231
Austria,Spain,0.0,898.5618889458
Suriname,China,238.29180427728,29.93523163
Suriname,United States of America,159.6176539583,117.08814201
Suriname,Trinidad and Tobago,60.47850176,0.0
Suriname,India,56.11719372397,0.0
Suriname,Japan,37.1318325743,0.0
Suriname,Netherlands,31.83386847969,33.0930613991
Suriname,Brazil,20.37772768002,0.0
Suriname,Taiwan,20.19369048686,0.0
Suriname,Others,259.468728767529,268.274633935396
Suriname,Norway,0.0,87.488705016
Suriname,Guyana,0.0,64.636992825
Suriname,France,0.0,50.403834208
Suriname,United Kingdom,0.0,35.01419426
Suriname,Serbia,0.0,25.9363207
Chad,India,38.7148371128,0.0
Chad,France,32.42968801459,7.236178249
Chad,China,30.11025392525,9.14854092
Chad,United States of America,27.21687881063,19.33931399
Chad,Cameroon,12.9670136179,0.0
Chad,South Africa,9.96551397547,0.0
Chad,Germany,7.47209286961968,13.41977983
Chad,Italy,7.323934746037,0.0
Chad,Others,127.35049896516,96.12302453182
Chad,Serbia,0.0,33.2262412
Chad,Poland,0.0,5.084330517
Chad,Portugal,0.0,4.745158428
Chad,United Kingdom,0.0,4.18890368
Democratic Republic of the Congo,South Africa,1783.029393591,0.0
Democratic Republic of the Congo,China,857.64179372527,31.89194975
Democratic Republic of the Congo,India,337.6111925478,0.0
Democratic Republic of the Congo,Zambia,303.950754622,0.0
Democratic Republic of the Congo,Belgium,256.9761011523,57.31034237
Democratic Republic of the Congo,United States of America,175.6656102303,113.47928602
Democratic Republic of the Congo,Germany,155.556706711861,26.96146164
Democratic Republic of the Congo,Kenya,99.3470198513,0.0
Democratic Republic of the Congo,Others,1046.13942107276,240.25188362726
Democratic Republic of the Congo,France,0.0,32.482437443
Democratic Republic of the Congo,United Kingdom,0.0,28.83083822
Democratic Republic of the Congo,Finland,0.0,23.423632809
Democratic Republic of the Congo,Italy,0.0,20.468871271
Japan,China,211407.330231063,69777.9462394
Japan,United States of America,48967.25802294,73026.02611604
Japan,South Korea,22933.82716466,24017.69258851
Japan,Australia,18804.68805636,0.0
Japan,India,17514.332002598,0.0
Japan,Indonesia,16864.480581467,10200.70499216
Japan,Taiwan,14848.9248623004,0.0
Japan,Malaysia,13647.84939244,10511.60572929
Japan,Others,95182.3619916204,112649.48603537
Japan,Hong Kong,0.0,10482.76589307
Japan,Germany,0.0,10253.82762641
Japan,United Kingdom,0.0,10044.77934462
Niger,China,187.10225837556,16.70417638
Niger,United States of America,78.3188461815,18.61394238
Niger,Ivory Coast,69.593915436,0.0
Niger,Nigeria,59.31429981735,0.0
Niger,France,52.28279850285,69.666398194
Niger,Japan,39.8047638042,7.859839504
Niger,Benin,39.592632342,0.0
Niger,India,38.96245403369,6.284161657
Niger,Others,355.381756386083,93.68798126016
Niger,South Korea,0.0,131.238818625
Niger,Burkina Faso,0.0,7.482072535
Niger,Libya,0.0,6.6234401778
Switzerland,Germany,12896.8076535076,2410.68196603
Switzerland,China,11582.3179978396,1562.91306349
Switzerland,United States of America,8068.62793669,2683.93884868
Switzerland,Italy,3502.16095518,877.64301202
Switzerland,India,2923.727558521,1970.27991556
Switzerland,France,2824.99904976,1063.35823376
Switzerland,United Kingdom,2107.79567323,1388.23330365
Switzerland,Japan,1843.11712593,650.86786584
Switzerland,Others,20851.227370854,7232.70759220081
Burma,China,4.20872815931,369.91142044
Burma,Zimbabwe,3.483239901,0.0
Burma,Poland,2.72158139023,0.0
Burma,South Africa,2.667138190466,0.0
Burma,India,1.965829950823,132.054669467
Burma,Netherlands,1.705071242111,0.0
Burma,United States of America,1.50710636694,185.816305139
Burma,Italy,1.237492130603,0.0
Burma,Others,20.9721605855642,299.635849474
Burma,Thailand,0.0,285.689384983
Burma,Japan,0.0,68.618172272
Burma,Malaysia,0.0,47.327512602
Burma,Singapore,0.0,42.806958474
Burma,South Korea,0.0,36.662545478
Barbados,United States of America,428.019675515,33.145863489
Barbados,China,136.31005979537,0.0
Barbados,Trinidad and Tobago,108.36665902,9.1232311981
Barbados,Japan,40.7387250372,0.0
Barbados,Canada,35.797882309533,0.0
Barbados,United Kingdom,30.673056611099,10.336336965
Barbados,India,23.73538995838,0.0
Barbados,Germany,15.7319416454498,0.0
Barbados,Others,212.542922518156,57.84909357004
Barbados,Guyana,0.0,256.488898759
Barbados,Brazil,0.0,9.390108601
Barbados,Serbia,0.0,9.37485022
Barbados,Jamaica,0.0,5.2414341224
Barbados,France,0.0,4.971688145
India,China,61113.6115529622,44272.60473496
India,United States of America,18458.29895745,86845.543405138
India,Japan,9863.03301545,17514.332002598
India,South Korea,8592.01183684,0.0
India,South Africa,8094.360626567,0.0
India,Germany,7407.52511850576,21607.00985872
India,Australia,6519.20213687,0.0
India,Malaysia,5072.1229838,0.0
India,Others,48483.1882685944,181436.74315916
India,United Kingdom,0.0,23008.78792814
India,France,0.0,12315.378219092
India,Italy,0.0,11419.357984313
India,Bangladesh,0.0,9692.5974829311
Turkmenistan,Turkey,1192.00365814,1670.0023676
Turkmenistan,China,802.49717129107,930.1659564
Turkmenistan,India,509.5145683715,307.078725
Turkmenistan,United States of America,220.6706610012,776.9829883
Turkmenistan,Japan,173.4455974325,0.0
Turkmenistan,Germany,156.214732741411,419.3026333
Turkmenistan,North Korea,146.35789928,0.0
Turkmenistan,South Korea,89.477638435,0.0
Turkmenistan,Others,909.686519066113,3579.27401063165
Turkmenistan,Afghanistan,0.0,951.25510447
Turkmenistan,Italy,0.0,560.8812129
Turkmenistan,Poland,0.0,301.49479954
Namibia,South Africa,3850.412141823,0.0
Namibia,China,239.09975870499,42.82089463
Namibia,India,103.1841231554,0.0
Namibia,United States of America,95.6317492992,54.14400797
Namibia,Germany,62.3533747899095,44.21244105
Namibia,Japan,26.79300670651,27.058922978
Namibia,United Kingdom,24.76734558636,74.29098306
Namibia,Australia,23.00093425268,0.0
Namibia,Others,295.225506671234,264.20600168852
Namibia,Angola,0.0,311.063695921
Namibia,Spain,0.0,95.950593546
Namibia,France,0.0,47.776464132
Iraq,China,3570.85658432418,3002.685433102
Iraq,India,2830.8231758674,0.0
Iraq,Vietnam,868.263450268395,0.0
Iraq,Germany,308.392992560021,1109.0945834551
Iraq,France,275.05033075752,2879.3223991489
Iraq,Italy,267.638716250068,4408.225490897
Iraq,Japan,241.2425045137,1502.514640397
Iraq,United States of America,209.1119016414,11844.225698831
Iraq,Others,2276.84125688901,10335.0883826145
Iraq,Spain,0.0,6391.81952911
Iraq,South Korea,0.0,1476.629884647
British Virgin Islands,Taiwan,39.07248727598,0.0
British Virgin Islands,United States of America,21.23530652687,3.224650455
British Virgin Islands,China,18.28643248678,1.068474955
British Virgin Islands,India,6.06848357129,0.0
British Virgin Islands,Trinidad and Tobago,5.93962272,0.0
British Virgin Islands,South Africa,5.296613386062,1.4869384035
British Virgin Islands,Japan,4.54826821175,0.0
British Virgin Islands,Thailand,4.29189075349,0.0
British Virgin Islands,Others,75.5079952911197,13.8312821693173
British Virgin Islands,Switzerland,0.0,7.320750996
British Virgin Islands,Italy,0.0,2.518587688
British Virgin Islands,Serbia,0.0,1.897798769
British Virgin Islands,Brazil,0.0,1.721383283
British Virgin Islands,United Kingdom,0.0,1.275551
Hungary,China,5145.02481913528,0.0
Hungary,Germany,2769.10976115462,3581.8573232
Hungary,Poland,1120.694111605,861.77526111
Hungary,United States of America,991.0188901975,2155.8813719
Hungary,Czechia,821.9034431663,0.0
Hungary,India,799.970442872,0.0
Hungary,Italy,761.43787348225,1197.9740053
Hungary,Austria,707.03369964411,1082.24800468
Hungary,Others,6756.74443501321,7989.9223006752
Hungary,United Kingdom,0.0,1026.1546484
Hungary,France,0.0,1018.4873581
Hungary,Romania,0.0,807.26443584
Bahrain,India,965.94853702451,1680.066432815
Bahrain,China,640.2422198038,929.129246114
Bahrain,United States of America,421.058934973,822.929222773
Bahrain,Germany,133.946274279229,0.0
Bahrain,Japan,130.9467176384,992.282854102
Bahrain,United Kingdom,97.47134365402,534.6402668842
Bahrain,South Korea,86.340065966,591.3475596694
Bahrain,Thailand,76.13101513781,0.0
Bahrain,Others,863.186577800935,2228.40131710706
Bahrain,Kenya,0.0,300.3382887514
Bahrain,France,0.0,298.0235395241
Belarus,China,9.856638918087,1297.5566796
Belarus,India,4.331583956495,0.0
Belarus,Poland,3.5110103289,845.1458428
Belarus,South Africa,3.357868361843,0.0
Belarus,United States of America,3.19623949158,1010.4114725
Belarus,Zimbabwe,2.6344177544,0.0
Belarus,Vietnam,2.5821568610062,0.0
Belarus,Italy,2.44214340089,403.86665324
Belarus,Others,45.720942048397,4220.1010478376
Belarus,Germany,0.0,1107.3063903
Belarus,United Kingdom,0.0,547.79743652
Belarus,France,0.0,482.38067743
Belarus,Japan,0.0,346.70057421
Canada,United States of America,79901.45842286,125664.001365297
Canada,China,54871.2844638079,9162.82465776001
Canada,India,9287.92323155,0.0
Canada,Japan,5838.41348332,6730.01860911507
Canada,Mexico,4393.27662941029,2962.97412661011
Canada,Germany,3873.54527562554,2574.19920874668
Canada,South Korea,3767.93478938,2366.2334068224
Canada,Taiwan,2724.3466134278,0.0
Canada,Others,30784.9887893656,25042.0197646816
Canada,United Kingdom,0.0,4123.82098796333
Canada,France,0.0,1832.66742827681
Guinea-Bissau,Others,0.0,0.0
Mauritania,China,131.17986860232,63.603005713
Mauritania,France,87.11628092608,86.43508696
Mauritania,United States of America,70.6403147153,56.888445597
Mauritania,Germany,54.907569753631,37.646109393
Mauritania,Spain,44.52890413174,104.02304405
Mauritania,India,27.57687203712,0.0
Mauritania,Japan,26.36961342806,82.155385181
Mauritania,Morocco,26.190150017,0.0
Mauritania,Others,369.798981598252,384.602775034052
Mauritania,Nigeria,0.0,214.263152167
Mauritania,Italy,0.0,78.692810015
South Africa,China,13320.5823847386,16079.89946699
South Africa,United States of America,6497.661754832,18248.792841
South Africa,India,4780.4298227579,8094.360626567
South Africa,Germany,3604.45648745978,5418.89259773
South Africa,Japan,2145.846361317,7367.613203635
South Africa,United Kingdom,1446.2596656213,7295.16697446
South Africa,Taiwan,1418.2167127622,0.0
South Africa,Australia,1397.600230811,0.0
South Africa,Others,13929.8520450281,60345.5926113888
South Africa,Botswana,0.0,5660.52873446
South Africa,Namibia,0.0,3850.412141823
France,China,54489.7951295966,7037.845067023
France,Germany,23340.1829037139,10078.591074608
France,United States of America,18686.589259921,12254.260964762
France,Algeria,16281.03848881,0.0
France,India,12315.378219092,0.0
France,Spain,9404.49949227734,6804.400161679
France,Italy,9264.2327034752,7008.163909614
France,United Kingdom,7081.0469268967,9791.636341557
France,Others,82138.5231757483,43637.3320971267
France,Japan,0.0,3544.429162459
France,Belgium,0.0,2933.4820560672
Morocco,China,3371.81830784684,629.2922261
Morocco,India,1040.4208128357,801.72289904
Morocco,Spain,976.45303292946,1766.20663646
Morocco,France,952.4320579619,3181.39013527
Morocco,United States of America,723.8386521586,1424.53864101
Morocco,Germany,620.668788474342,934.44269392
Morocco,Italy,479.58966048132,906.00448377
Morocco,United Kingdom,249.8379458096,1501.0398174
Morocco,Others,3140.74675065111,4605.01381558099
Poland,China,19319.8926700814,3002.9227128
Poland,Germany,9354.3131140101,13435.759397793
Poland,United States of America,4394.381871318,5172.332473724
Poland,India,3185.568090979,0.0
Poland,Czechia,3156.2636940964,2492.677802543
Poland,Italy,2495.78746093404,3677.928301771
Poland,France,1782.4759660296,3633.711718396
Poland,Japan,1697.754727041,0.0
Poland,Others,20988.6373914097,25621.6776244272
Poland,Slovakia,0.0,4315.111881
Poland,United Kingdom,0.0,3945.84795438
Trinidad and Tobago,United States of America,1035.11110029,6433.035302
Trinidad and Tobago,China,595.2266758286,268.3798597
Trinidad and Tobago,India,158.75749403086,0.0
Trinidad and Tobago,Venezuela,146.2533951817,0.0
Trinidad and Tobago,Japan,100.0727883657,0.0
Trinidad and Tobago,Canada,81.2742357886617,382.8906748
Trinidad and Tobago,Taiwan,57.62547408134,0.0
Trinidad and Tobago,Brazil,55.5821817551,504.65754495
Trinidad and Tobago,Others,678.770977486644,2435.05393258378
Trinidad and Tobago,Guyana,0.0,14669.6901834
Trinidad and Tobago,Mexico,0.0,468.0371737
Trinidad and Tobago,France,0.0,421.24791911
Trinidad and Tobago,Colombia,0.0,249.1945389
Russian Federation & USSR,China,29802.0101821182,64570.655809077
Russian Federation & USSR,Germany,9521.33300453166,38345.5213772807
Russian Federation & USSR,United States of America,8091.23669012856,53807.8656172153
Russian Federation & USSR,India,5613.82199979654,0.0
Russian Federation & USSR,Poland,5093.20185405068,0.0
Russian Federation & USSR,Italy,3097.51793745727,21611.2995492194
Russian Federation & USSR,Czechia,2111.94094706162,0.0
Russian Federation & USSR,Turkey,1987.29475868414,34944.3108723064
Russian Federation & USSR,Others,32197.3997435078,233727.641731591
Russian Federation & USSR,Japan,0.0,37570.0947432035
Russian Federation & USSR,France,0.0,27110.0555379015
Russian Federation & USSR,United Kingdom,0.0,22990.3330201755
Serbia,China,669.0849902428,35.5633984
Serbia,Taiwan,376.317003526,0.0
Serbia,India,336.7041248909,11.00170458
Serbia,United States of America,268.593982343,34.61214556
Serbia,North Korea,238.4068662,0.0
Serbia,Australia,204.408568737,0.0
Serbia,Vietnam,164.607371019281,0.0
Serbia,Japan,156.52087926,18.51198803
Serbia,Others,3983.16059852082,424.4922103965
Serbia,Montenegro,0.0,25.65914561
Serbia,Malaysia,0.0,19.26812807
Serbia,United Kingdom,0.0,18.32510118
Serbia,Germany,0.0,13.99400781
Dominica,Others,0.0,0.0
Latvia,China,684.91817892124,70.679344562
Latvia,Germany,454.587485130098,245.79571748
Latvia,Poland,368.4377882413,0.0
Latvia,United States of America,177.9915591186,175.63798699
Latvia,Finland,123.411729405,0.0
Latvia,India,116.234989332,0.0
Latvia,Czechia,104.1956806403,0.0
Latvia,Italy,103.606319277086,62.453077706
Latvia,Others,1101.26986835063,798.55555832705
Latvia,United Kingdom,0.0,224.10082245
Latvia,Sweden,0.0,163.134982454
Latvia,Denmark,0.0,85.960872126
Latvia,France,0.0,66.305947298
Solomon Islands,Others,0.0,0.0
Croatia,China,1609.20874869648,0.0
Croatia,Germany,1101.40291920389,767.21790033
Croatia,Italy,982.52042473632,833.68758774
Croatia,Bosnia and Herzegovina,524.03353297,428.581354427
Croatia,Slovenia,489.60885283,703.051644013
Croatia,United States of America,487.3487037669,847.28827522
Croatia,Austria,355.18253499379,266.48058608
Croatia,India,334.9093326075,0.0
Croatia,Others,3269.23531904139,1917.32087001527
Croatia,United Kingdom,0.0,194.51499204
Croatia,France,0.0,193.94603731
United States of America,China,501965.416387193,67054.4226827
United States of America,Canada,125664.001365297,79901.45842286
United States of America,India,86845.543405138,0.0
United States of America,Mexico,73749.4720573806,52014.20819849
United States of America,Japan,73026.02611604,48967.25802294
United States of America,Germany,42312.915066192,27486.95154391
United States of America,South Korea,40649.45049263,28756.51746276
United States of America,Taiwan,31025.247546877,0.0
United States of America,Others,344407.91796681,319728.647113041
United States of America,United Kingdom,0.0,38100.77918044
United States of America,Guyana,0.0,31030.48893294
Tuvalu,Others,0.0,0.0
Burkina Faso,China,197.34856699743,0.0
Burkina Faso,France,162.02774670524,7.214443019
Burkina Faso,India,122.4023911927,10.367672695
Burkina Faso,United States of America,80.6037147842,5.487978809
Burkina Faso,Venezuela,73.4138010018,12.171409188
Burkina Faso,Germany,50.5216755828859,0.0
Burkina Faso,Taiwan,45.4050015802,0.0
Burkina Faso,South Africa,41.13326855198,0.0
Burkina Faso,Others,578.921215792203,61.4715815568381
Burkina Faso,Italy,0.0,10.244186464
Burkina Faso,Serbia,0.0,8.41121292
Burkina Faso,Colombia,0.0,8.144178169
Burkina Faso,Niger,0.0,5.9498086907
Gabon,China,260.86459909592,643.300586705
Gabon,France,229.67149520775,109.6882650951
Gabon,United States of America,193.9675977224,1565.11146968
Gabon,Germany,73.7349726381299,55.7476945072
Gabon,Japan,69.8832079497,96.6468603311
Gabon,India,54.93379860026,76.3098282565
Gabon,South Africa,51.49632904941,0.0
Gabon,Cameroon,45.636635379,0.0
Gabon,Others,521.762593988946,692.459350221015
Gabon,South Korea,0.0,209.6331245841
Gabon,Spain,0.0,163.1461598158
Central African Republic,China,17.98040313052,3.370111968
Central African Republic,France,14.191458207318,5.079739886
Central African Republic,India,13.45379784705,0.0
Central African Republic,Cameroon,12.5927033962,0.0
Central African Republic,Japan,10.40016784219,0.0
Central African Republic,United States of America,6.7965647172,4.650246733
Central African Republic,South Africa,6.256455479988,0.0
Central African Republic,Germany,4.3949405261567,3.859865731
Central African Republic,Others,79.2311406134746,36.171387985415
Central African Republic,Belgium,0.0,7.6393745357
Central African Republic,Serbia,0.0,6.781826763
Central African Republic,United Kingdom,0.0,3.780981358
Central African Republic,Spain,0.0,2.9211310421
South Sudan,China,7.09817929864,0.0
South Sudan,Zimbabwe,5.004420439,0.0
South Sudan,South Africa,4.01619054594,0.0
South Sudan,India,3.007694043706,0.0
South Sudan,Poland,2.5324819263,0.0
South Sudan,United States of America,2.45981822444,0.0
South Sudan,Taiwan,2.10417216488,0.0
South Sudan,Vietnam,1.7180914361592,0.0
South Sudan,Others,33.8104860433521,0.0
South Sudan,Albania,0.0,0.0
South Sudan,Algeria,0.0,0.0
South Sudan,Andorra,0.0,0.0
South Sudan,Angola,0.0,0.0
South Sudan,Antigua and Barbuda,0.0,0.0
South Sudan,Argentina,0.0,0.0
South Sudan,Aruba,0.0,0.0
South Sudan,Afghanistan,0.0,0.0
Tajikistan,China,195.38592028887,105.118179606
Tajikistan,India,142.145370486,0.0
Tajikistan,Turkey,82.5431824827,42.15160318
Tajikistan,United States of America,58.8686195066,41.8952588184
Tajikistan,Germany,38.6627856983199,20.0335181213
Tajikistan,Taiwan,25.5611798774,0.0
Tajikistan,Italy,24.382173133982,0.0
Tajikistan,Algeria,22.745590837,32.8554609803
Tajikistan,Others,318.958671882147,267.800679477456
Tajikistan,Poland,0.0,22.8081596335
Tajikistan,United Kingdom,0.0,18.8536961312
Tajikistan,South Korea,0.0,18.4304829503
Togo,China,141.04006076429,0.0
Togo,France,54.98086629905,0.0
Togo,Ghana,50.516314627,45.3369259257
Togo,India,37.48160102895,45.3916811941
Togo,Ivory Coast,34.671828766,0.0
Togo,United States of America,26.9567034361,0.0
Togo,Germany,26.3336797157846,0.0
Togo,Mauritania,21.8565553061,0.0
Togo,Others,287.414246207172,303.697780074217
Togo,Benin,0.0,47.6894002001
Togo,Mali,0.0,35.84530864557
Togo,South Africa,0.0,30.9054108573
Togo,Burkina Faso,0.0,29.1285408405
Togo,Guyana,0.0,28.0722252636
Togo,Nigeria,0.0,26.7286703761
Norway,China,9795.9252391667,1055.69367371
Norway,United States of America,4977.70442158,1471.1028495
Norway,Germany,3873.26770945677,1150.93952478
Norway,India,1698.0841432178,0.0
Norway,United Kingdom,1451.6430814424,1380.8834185
Norway,Sweden,1255.21336421,1372.990697596
Norway,Japan,1198.500169725,481.85231997
Norway,South Korea,1087.300056243,0.0
Norway,Others,14098.4333302944,4909.30178760583
Norway,France,0.0,759.33179769
Norway,Italy,0.0,370.51129767
French Polynesia,China,282.28423794505,3.757938837
French Polynesia,United States of America,161.5391827287,33.756581619
French Polynesia,France,121.47987441098,4.907210574
French Polynesia,Australia,72.0178998964,0.0
French Polynesia,New Zealand,49.175717560885,0.0
French Polynesia,Germany,41.4042425153367,2.488335535
French Polynesia,Japan,37.4606347899,26.582946301
French Polynesia,India,26.76513096205,0.0
French Polynesia,Others,316.685054316465,28.231889417771
French Polynesia,Serbia,0.0,5.43315139
French Polynesia,Hong Kong,0.0,4.037749181
French Polynesia,United Kingdom,0.0,1.997422443
Estonia,China,770.42808572001,443.06113201
Estonia,Germany,330.609695745887,796.21968676
Estonia,Finland,253.636514155,1087.52372671
Estonia,United States of America,180.2487669411,1192.17594217
Estonia,Poland,153.3539543685,0.0
Estonia,Japan,115.3915594377,0.0
Estonia,India,103.0402214356,0.0
Estonia,Italy,84.455745884142,0.0
Estonia,Others,1044.65290233867,3997.2013440814
Estonia,Sweden,0.0,1154.58834334
Estonia,United Kingdom,0.0,707.35525121
Estonia,France,0.0,385.54595363
Estonia,Denmark,0.0,346.44318314
Kuwait,India,7661.875861171,1511.055113724
Kuwait,China,5334.08830353713,2094.061680052
Kuwait,United States of America,2191.853840067,2104.092625061
Kuwait,South Korea,882.146756747,3244.855952396
Kuwait,Japan,790.19960527,4407.88751143
Kuwait,Germany,761.119637744771,0.0
Kuwait,Italy,547.18849463096,0.0
Kuwait,Indonesia,513.07739088222,2223.22925522
Kuwait,Others,5470.93293294677,5107.52149148873
Kuwait,United Kingdom,0.0,2076.127399583
Kuwait,Singapore,0.0,534.434669532
Andorra,Spain,107.591890867492,0.0
Andorra,China,54.4945503303,0.0
Andorra,France,31.650394283777,0.0
Andorra,Germany,18.5001684841416,0.0
Andorra,United States of America,16.9583562566,0.0
Andorra,Italy,12.246474516747,0.0
Andorra,India,11.52538132793,0.0
Andorra,Japan,9.31155791911,0.0
Andorra,Others,116.330127895862,0.0
Andorra,Albania,0.0,0.0
Andorra,Algeria,0.0,0.0
Andorra,Andorra,0.0,0.0
Andorra,Angola,0.0,0.0
Andorra,Antigua and Barbuda,0.0,0.0
Andorra,Argentina,0.0,0.0
Andorra,Aruba,0.0,0.0
Andorra,Afghanistan,0.0,0.0
Botswana,South Africa,5660.52873446,0.0
Botswana,China,297.77120897173,15.133933623
Botswana,India,179.98358340604,0.0
Botswana,United States of America,139.5384364455,54.638316217
Botswana,Germany,64.7276252480856,23.018946151
Botswana,United Kingdom,41.73997829304,301.07577443
Botswana,Japan,38.73709093354,0.0
Botswana,Italy,33.976712986116,0.0
Botswana,Others,402.566186098251,197.86213383254
Botswana,Norway,0.0,112.825916424
Botswana,Zimbabwe,0.0,69.7770326792
Botswana,Zambia,0.0,34.7700214391
Botswana,Lesotho,0.0,26.9929258592
El Salvador,United States of America,1642.2434413983,953.545051957
El Salvador,China,841.22214705268,0.0
El Salvador,Guatemala,537.1515669882,312.9281064108
El Salvador,Mexico,297.160033324495,27.5544661249
El Salvador,Honduras,189.642547245,206.0020428632
El Salvador,Ecuador,174.590378657,0.0
El Salvador,Panama,167.031226726,49.5651811182
El Salvador,Japan,128.4304916488,0.0
El Salvador,Others,1351.50622191155,222.162199603717
El Salvador,Nicaragua,0.0,102.899549626
El Salvador,Costa Rica,0.0,79.4359387776
El Salvador,Germany,0.0,31.814064791
Jamaica,United States of America,1558.1927504122,443.74327117
Jamaica,China,498.76147023903,32.97787482
Jamaica,Trinidad and Tobago,185.15303473,0.0
Jamaica,Japan,130.2600264045,30.793601911
Jamaica,Canada,97.2746887149722,37.662514461
Jamaica,India,92.46905770729,0.0
Jamaica,Mexico,68.0633980779124,0.0
Jamaica,Netherlands,67.05921976059,0.0
Jamaica,Others,714.693323753719,297.539569814197
Jamaica,Guyana,0.0,353.14983274
Jamaica,United Kingdom,0.0,108.08505347
Jamaica,Norway,0.0,92.113331716
Jamaica,Germany,0.0,42.05060065
Cyprus,China,1102.23173826778,14.641021219
Cyprus,United States of America,420.9133669022,26.522445271
Cyprus,India,341.1878792362,0.0
Cyprus,Greece,310.627532864386,84.0884826
Cyprus,Germany,277.625663349563,44.81434386
Cyprus,Italy,256.892399258178,15.954032792
Cyprus,Japan,180.2155635832,0.0
Cyprus,United Kingdom,165.27156400172,100.513514794
Cyprus,Others,1429.51880014979,230.70203000561
Cyprus,Egypt,0.0,19.2341896605
Cyprus,Serbia,0.0,16.92568104
United Kingdom,China,89309.6826961196,7695.235840167
United Kingdom,United States of America,38100.77918044,14164.444123185
United Kingdom,Germany,25270.2110941286,7710.691543412
United Kingdom,India,23008.78792814,4038.040810838
United Kingdom,Japan,10044.77934462,0.0
United Kingdom,France,9791.636341557,7081.0469268967
United Kingdom,Netherlands,8045.598493851,0.0
United Kingdom,Italy,7787.436392936,4344.8359239712
United Kingdom,Others,110370.434039913,47765.4949740452
United Kingdom,Spain,0.0,4257.2895037823
United Kingdom,Ireland,0.0,3592.3639756361
Burundi,India,35.89511157032,0.0
Burundi,China,35.45510390408,4.89526417
Burundi,South Africa,19.29030932974,0.0
Burundi,United States of America,10.13731979815,8.789680891
Burundi,Poland,7.5784811563,0.0
Burundi,Vietnam,6.8711962272541,0.0
Burundi,Italy,6.628602687524,0.0
Burundi,Belgium,6.6188796043,0.0
Burundi,Others,137.121064149307,55.356560709515
Burundi,Serbia,0.0,15.96434874
Burundi,Germany,0.0,6.983826239
Burundi,United Kingdom,0.0,4.419483628
Burundi,France,0.0,4.205453088
Burundi,Switzerland,0.0,3.118703988
Burundi,Japan,0.0,2.606805225
Egypt,China,7311.6270369045,1847.55473412
Egypt,India,3763.4240162982,0.0
Egypt,United States of America,2213.693299007,4018.00107155
Egypt,Germany,897.307838454131,1711.90834972
Egypt,Italy,661.97051974286,2665.77743568
Egypt,South Korea,514.833697446,0.0
Egypt,Japan,513.340055085,0.0
Egypt,Turkey,481.9673330213,1602.764840644
Egypt,Others,5167.75673613691,10683.4133082399
Egypt,United Kingdom,0.0,2657.54223311
Egypt,France,0.0,1895.27240636
Egypt,Spain,0.0,1219.72138774
Senegal,China,605.13656567413,0.0
Senegal,India,222.2849304256,107.878526951
Senegal,France,216.19209687297,172.116372613
Senegal,Nigeria,138.25922117317,0.0
Senegal,United States of America,113.1163273907,35.697841564
Senegal,Germany,92.4527095531593,30.153332939
Senegal,Thailand,84.18772339305,0.0
Senegal,Italy,60.014428201538,125.136974899
Senegal,Others,803.822835654857,439.401853701339
Senegal,Mali,0.0,60.3857167639
Senegal,Spain,0.0,43.567455814
Senegal,United Kingdom,0.0,34.947108506
Philippines,China,9230.54945948052,4052.53146530786
Philippines,United States of America,4197.591949054,10320.5648507082
Philippines,Japan,2928.7237566,4740.64417415364
Philippines,Taiwan,2311.42498854857,0.0
Philippines,South Korea,2160.006910137,1693.45230894399
Philippines,India,1980.7012831035,0.0
Philippines,Malaysia,1628.202032557,1257.76726084451
Philippines,Indonesia,1536.0086746744,0.0
Philippines,Others,7397.158730986,10325.1943001705
Philippines,United Kingdom,0.0,1888.17212509254
Philippines,Singapore,0.0,1790.89977771872
Philippines,Germany,0.0,1364.00737046542
Iceland,China,530.065765876,174.3216195
Iceland,United States of America,330.3886650851,231.89954646
Iceland,Germany,215.906042914715,188.71257876
Iceland,India,102.60177155379,0.0
Iceland,Japan,94.6217246412,128.124798885
Iceland,United Kingdom,93.07558001714,271.14418616
Iceland,Netherlands,66.2517715975,106.7552955468
Iceland,Italy,56.901741813683,0.0
Iceland,Others,790.420010740264,785.64690013888
Iceland,France,0.0,158.799378566
Iceland,Norway,0.0,91.558507369
Sweden,China,11829.6460809861,1529.901355
Sweden,Germany,6915.34130252945,1356.91673563
Sweden,United States of America,5158.673469898,2129.3348045
Sweden,India,2406.191999093,0.0
Sweden,United Kingdom,2153.507068679,1499.8438812
Sweden,Poland,2003.069543539,0.0
Sweden,Netherlands,1833.0963340946,0.0
Sweden,Japan,1736.002557077,0.0
Sweden,Others,20559.4229976025,7840.16129775095
Sweden,Norway,0.0,1255.21336421
Sweden,France,0.0,919.83067409
Sweden,Denmark,0.0,901.37598514
Sweden,Italy,0.0,671.82807533
Ukraine,China,7000.11479252363,4717.33699389903
Ukraine,Poland,2720.00906857,3319.26030852447
Ukraine,Germany,2178.5763253013,3292.12599633469
Ukraine,India,1710.3461085622,2202.60217313487
Ukraine,Bulgaria,969.64912505,0.0
Ukraine,United States of America,888.664184372,5424.79087984514
Ukraine,Czechia,852.115035202,0.0
Ukraine,Turkey,817.109052147,4760.47305981695
Ukraine,Others,7486.291861223,20669.0843294337
Ukraine,Italy,0.0,2321.16571465245
Ukraine,France,0.0,1369.58886024663
Brunei Darussalam,China,342.06348112135,466.80818803
Brunei Darussalam,Malaysia,217.1094873131,0.0
Brunei Darussalam,United States of America,157.5246253457,426.82674027
Brunei Darussalam,India,103.38249087362,0.0
Brunei Darussalam,Singapore,102.13427134364,129.235278731
Brunei Darussalam,Indonesia,88.882439846362,75.069477357
Brunei Darussalam,Japan,80.9566577512,1779.300261
Brunei Darussalam,Thailand,64.62829727615,385.6346538
Brunei Darussalam,Others,389.02921227953,609.944011347299
Brunei Darussalam,South Korea,0.0,1040.50758814
Brunei Darussalam,Australia,0.0,143.79450867
Slovakia,Poland,4315.111881,1189.747845628
Slovakia,China,4281.29753918694,0.0
Slovakia,Czechia,3633.2202621845,1737.985571802
Slovakia,Germany,2343.01808803726,2405.27027803
Slovakia,United States of America,813.2942467381,896.33274633
Slovakia,India,605.7052071006,0.0
Slovakia,Italy,558.1357361123,822.009754148
Slovakia,Austria,455.67552659014,753.17082521
Slovakia,Others,4616.07137043457,4945.77222642403
Slovakia,France,0.0,583.080670915
Slovakia,United Kingdom,0.0,555.02149661
Germany,China,98151.1689715594,27992.1172008947
Germany,United States of America,27486.95154391,42312.915066192
Germany,India,21607.00985872,0.0
Germany,Poland,13435.759397793,0.0
Germany,Czechia,10494.784494833,0.0
Germany,Italy,10271.3444145836,19472.399210087
Germany,Japan,10253.82762641,0.0
Germany,France,10078.591074608,23340.1829037139
Germany,Others,127715.83194234,149411.685832911
Germany,United Kingdom,0.0,25270.2110941286
Germany,Switzerland,0.0,12896.8076535076
Germany,Spain,0.0,12518.0909962695
Germany,Austria,0.0,11111.7209280424
Italy,China,43662.4903041451,8383.012806068
Italy,Germany,19472.399210087,10271.3444145836
Italy,United States of America,11702.324424109,15009.5840780387
Italy,India,11419.357984313,0.0
Italy,Libya,8117.61396473,0.0
Italy,France,7008.163909614,9264.23270347519
Italy,Spain,5568.68821492513,6652.14296745584
Italy,United Kingdom,4344.8359239712,7787.436392936
Italy,Others,71001.4829849641,51924.8557227587
Italy,Turkey,0.0,3997.26130169905
Italy,Switzerland,0.0,3502.16095518
Ghana,China,1386.26024058497,0.0
Ghana,India,1002.1084977959,116.813067
Ghana,South Africa,356.4991990425,0.0
Ghana,United States of America,277.7040379111,335.97978237
Ghana,Germany,148.63787006181,211.58514114
Ghana,United Kingdom,143.02825483002,227.58889051
Ghana,Nigeria,112.32700447202,108.109798841
Ghana,Italy,105.21229928573,103.623392599
Ghana,Others,1083.73855770894,995.29140164701
Ghana,France,0.0,100.899095461
Ghana,Netherlands,0.0,98.7676600645
Eritrea,China,25.91890044505,2.616202782
Eritrea,United States of America,16.85413253314,2.833784065
Eritrea,Italy,14.687129106552,0.9606519382
Eritrea,Germany,6.21881146373599,1.4467475889
Eritrea,South Africa,5.90252311541,0.0
Eritrea,Indonesia,5.6628184174608,0.0
Eritrea,India,5.48116810223,0.0
Eritrea,South Korea,5.0232139783,0.0
Eritrea,Others,80.9376792353957,28.285444465881
Eritrea,Serbia,0.0,10.988309688
Eritrea,United Kingdom,0.0,1.4234225169
Eritrea,Japan,0.0,1.3525666357
Eritrea,Montenegro,0.0,1.1390320918
Nepal,China,1462.4743361497,33.56185824
Nepal,India,973.4123007257,1036.0382063
Nepal,Thailand,157.26697990245,0.0
Nepal,United States of America,138.2053980983,174.4736904
Nepal,Japan,138.005258687,22.43382312
Nepal,South Korea,136.095773354,0.0
Nepal,Indonesia,111.12450566962,0.0
Nepal,Malaysia,96.121550058,0.0
Nepal,Others,715.155734043556,180.06339959891
Nepal,Germany,0.0,35.7763309
Nepal,United Kingdom,0.0,32.4186564
Nepal,France,0.0,18.577422279
Nepal,Italy,0.0,14.849294044
Colombia,United States of America,9116.651142822,2356.5698755
Colombia,China,8731.22716200423,0.0
Colombia,India,1684.6768914748,0.0
Colombia,Venezuela,1682.7846337858,1640.43311632
Colombia,Brazil,1309.804883618,393.20075398
Colombia,Germany,1081.35770231092,235.07186707
Colombia,Ecuador,935.62891857,793.53939238
Colombia,Mexico,927.507876426022,260.6870253
Colombia,Others,9934.12260389239,2605.70374222728
Colombia,Peru,0.0,371.38005441
Colombia,Canada,0.0,266.94491745
Singapore,China,37276.9638322909,4307.01188345
Singapore,Malaysia,15249.574075232,2744.7362524099
Singapore,Indonesia,12157.8655247032,3986.903513787
Singapore,United States of America,11794.049472281,2092.809173181
Singapore,India,9333.246871617,1243.55307323
Singapore,Japan,7968.26389409,1659.857568021
Singapore,South Korea,4489.01408139,0.0
Singapore,Taiwan,3369.0478245415,0.0
Singapore,Others,25443.4503327744,8330.83880887126
Singapore,Australia,0.0,1312.1313510426
Singapore,Vietnam,0.0,1189.357117493
Ivory Coast,China,525.26439833394,0.0
Ivory Coast,India,246.46728446838,238.69491027
Ivory Coast,France,155.01870201722,462.77792395
Ivory Coast,Nigeria,152.92964556647,0.0
Ivory Coast,United States of America,88.5723364035,421.18296201
Ivory Coast,Germany,66.7281226679355,233.6647732
Ivory Coast,South Africa,54.84075122271,0.0
Ivory Coast,Italy,50.114141939171,199.40764424
Ivory Coast,Others,501.597560209454,1439.7739314077
Ivory Coast,Spain,0.0,180.3170063
Ivory Coast,United Kingdom,0.0,155.85326483
Ivory Coast,Mali,0.0,142.24290266
Slovenia,China,1566.09201848995,264.00996795
Slovenia,Germany,1023.20142426488,1110.67656946
Slovenia,Italy,703.701491191017,703.07650424
Slovenia,Croatia,703.051644013,489.60885283
Slovenia,Austria,540.47237551166,319.33806318
Slovenia,United States of America,385.2100171691,663.5295786
Slovenia,India,271.7433045596,0.0
Slovenia,Bosnia and Herzegovina,246.84405813,0.0
Slovenia,Others,2963.4071521725,2807.21996988799
Slovenia,France,0.0,367.9068823
Slovenia,United Kingdom,0.0,288.17976336
Malawi,South Africa,704.164180695,91.28331139
Malawi,India,247.60646292132,0.0
Malawi,China,134.29154229351,0.0
Malawi,Tanzania,34.336302309,0.0
Malawi,United States of America,33.0084543995,67.27918064
Malawi,Japan,27.34108452442,26.69400277
Malawi,Zambia,20.1237129539,0.0
Malawi,United Kingdom,19.21968706852,35.19521616
Malawi,Others,208.927307959176,207.746017628642
Malawi,Germany,0.0,25.71905627
Malawi,Serbia,0.0,16.6322596
Malawi,Spain,0.0,14.999140188
Malawi,France,0.0,12.433608733
Tunisia,China,1900.04384190202,0.0
Tunisia,France,747.6795777543,2066.75060312
Tunisia,India,722.5343760145,0.0
Tunisia,Italy,698.731080826065,1413.90833092
Tunisia,Germany,618.272628820068,754.30265815
Tunisia,United States of America,546.0314137783,491.59387415
Tunisia,Spain,301.138005381487,657.22876174
Tunisia,Egypt,200.363420321,0.0
Tunisia,Others,2695.16301081554,2740.55140017423
Tunisia,United Kingdom,0.0,526.97232361
Tunisia,Libya,0.0,334.02297086
Tunisia,Belgium,0.0,264.59883515
Benin,China,215.79831448226,0.0
Benin,France,81.68596532438,0.0
Benin,India,60.6874227053,191.49222814
Benin,Togo,47.6894002001,19.9047627
Benin,Ivory Coast,45.110195509,0.0
Benin,United States of America,42.823997194,0.0
Benin,Ghana,34.4251784569,0.0
Benin,Germany,32.1439803568149,0.0
Benin,Others,404.575912445335,244.57724914932
Benin,Nigeria,0.0,152.27896751
Benin,Serbia,0.0,46.9681997
Benin,Niger,0.0,39.592632342
Benin,Indonesia,0.0,35.72384368
Benin,Brazil,0.0,24.55430379
Benin,Italy,0.0,19.592066814
Maldives,India,238.05017969425,0.0
Maldives,China,96.92226662117,6.56245947
Maldives,Malaysia,52.9435568428,0.0
Maldives,Thailand,39.58123535034,0.0
Maldives,United States of America,36.0759053475,36.42475938
Maldives,Indonesia,33.873672301562,0.0
Maldives,Sri Lanka,33.4144961299,13.3092137301
Maldives,Japan,28.8455627933,13.935460019
Maldives,Others,207.474910456673,78.375748317284
Maldives,Serbia,0.0,23.48157338
Maldives,United Kingdom,0.0,17.01694499
Maldives,Germany,0.0,8.109836924
Maldives,Singapore,0.0,4.23767383
Mozambique,South Africa,1173.090696783,155.025448246
Mozambique,India,175.44031683866,54.549954572
Mozambique,China,155.33471282433,24.939852563
Mozambique,United States of America,53.6911476315,30.639540264
Mozambique,Portugal,37.5811922007,0.0
Mozambique,Germany,21.6247994896692,20.99385052
Mozambique,Japan,16.46012822087,20.266823687
Mozambique,Taiwan,15.50029069899,0.0
Mozambique,Others,214.598380115775,206.819739446087
Mozambique,Spain,0.0,20.4814826347
Mozambique,United Kingdom,0.0,17.230773647
Belgium,China,12533.5419382665,3231.52219472
Belgium,Germany,6640.65675880617,5638.95481706
Belgium,United States of America,4750.219007866,5206.3084653
Belgium,Netherlands,3802.2762610152,3134.278503169
Belgium,India,3082.815010479,2268.27745427
Belgium,France,2933.4820560672,6715.8235944
Belgium,United Kingdom,1836.6747342792,5545.60942128
Belgium,Algeria,1628.53754989,0.0
Belgium,Others,17034.2694534107,23091.915738703
Belgium,Italy,0.0,3124.04406029
Mauritius,India,1004.5167536859,0.0
Mauritius,China,894.34443606498,32.382325532
Mauritius,South Africa,844.270515311,0.0
Mauritius,United States of America,134.5999042905,87.788431415
Mauritius,Australia,132.9160890306,0.0
Mauritius,Malaysia,108.080872026,0.0
Mauritius,France,88.4714047054,117.056472665
Mauritius,Germany,79.5070225959942,44.888857603
Mauritius,Others,865.190066534523,267.23081219199
Mauritius,United Kingdom,0.0,150.457960708
Mauritius,Madagascar,0.0,38.1752236649
Mauritius,Italy,0.0,24.121994506
Mauritius,Japan,0.0,17.052820931
Bosnia and Herzegovina,Croatia,428.581354427,524.03353297
Bosnia and Herzegovina,Italy,380.071071896493,682.88598642
Bosnia and Herzegovina,Germany,217.977170356149,651.81298032
Bosnia and Herzegovina,China,214.36291833849,0.0
Bosnia and Herzegovina,Slovenia,196.842103061,246.84405813
Bosnia and Herzegovina,United States of America,78.3896137171,293.14022145
Bosnia and Herzegovina,Austria,74.29564704079,177.984959414
Bosnia and Herzegovina,Hungary,74.1308907,0.0
Bosnia and Herzegovina,Others,731.190073337593,1397.08582618033
Bosnia and Herzegovina,France,0.0,220.77716147
Bosnia and Herzegovina,Serbia,0.0,128.8573134
Jordan,China,2699.49555293487,151.24890901
Jordan,India,864.6779538586,1161.27592505
Jordan,United States of America,684.3998233865,262.22386801
Jordan,Germany,423.648357578396,0.0
Jordan,Egypt,380.265532946,141.260021264
Jordan,Turkey,282.8021293107,0.0
Jordan,Japan,226.8411318363,151.3351945
Jordan,South Korea,196.158336072,0.0
Jordan,Others,2169.21881724744,879.456915824485
Jordan,Thailand,0.0,85.567016738
Jordan,United Kingdom,0.0,76.51299262
Jordan,Indonesia,0.0,72.54051372
Cameroon,China,601.86481055683,227.1758628
Cameroon,France,219.83181508175,261.735171865
Cameroon,Nigeria,162.92434991019,0.0
Cameroon,United States of America,151.3918854557,327.54122633
Cameroon,India,136.2243953028,0.0
Cameroon,Germany,107.629795683625,105.90613707
Cameroon,Japan,93.0578222239,0.0
Cameroon,South Africa,72.1840984522,0.0
Cameroon,Others,710.363921742813,913.91758285781
Cameroon,Italy,0.0,1337.64583111
Cameroon,Spain,0.0,375.397696621
Cameroon,United Kingdom,0.0,106.179403787
Cameroon,Taiwan,0.0,55.179266214
Argentina,China,12787.5136183116,1835.11753891072
Argentina,Brazil,10628.34314158,14138.7848578039
Argentina,United States of America,6106.335010565,4239.24035792693
Argentina,India,2534.455346952,0.0
Argentina,Germany,1758.60057550295,1231.20542498205
Argentina,Japan,1695.403895689,0.0
Argentina,Spain,1130.79948771398,0.0
Argentina,Chile,1113.871101864,4677.72725906269
Argentina,Others,12127.3966991542,12166.263206253
Argentina,Uruguay,0.0,1551.40792816829
Argentina,Paraguay,0.0,1281.81933354107
Argentina,Italy,0.0,930.565652306618
Ireland,China,5814.08267353087,518.81606866
Ireland,United Kingdom,3592.3639756361,4446.4216102
Ireland,United States of America,3450.565755099,2112.35490166
Ireland,Germany,1472.04060013332,1334.87706507
Ireland,India,1249.7654478513,0.0
Ireland,Japan,951.729606101,530.791399982
Ireland,France,513.1755474459,862.734648883
Ireland,Italy,480.01862682415,482.608765789
Ireland,Others,6773.83112011697,4804.55880717769
Ireland,Switzerland,0.0,487.21573014
Qatar,China,1447.42489352923,4185.53453546
Qatar,India,1322.0393591205,1121.620481147
Qatar,United States of America,736.2401219259,2553.72142002
Qatar,Japan,394.081289841,8828.79301606
Qatar,Germany,276.353070072051,0.0
Qatar,South Korea,243.639970881,7704.77462536
Qatar,United Kingdom,198.48905243679,0.0
Qatar,Italy,171.191567610477,0.0
Qatar,Others,1763.82003202793,4639.84077993373
Qatar,Thailand,0.0,512.849584299
Qatar,Singapore,0.0,512.331397856
Qatar,Indonesia,0.0,374.661986431
Romania,China,6490.25483024879,989.178323499
Romania,Germany,2145.03777251586,2950.617561012
Romania,Italy,1727.16678959141,2631.379385046
Romania,United States of America,1071.9938988528,2052.31834361
Romania,Bulgaria,1008.6996052406,0.0
Romania,India,931.0453295588,0.0
Romania,Hungary,807.26443584,0.0
Romania,Poland,741.2279292749,0.0
Romania,Others,7804.986726085,7346.84067104601
Romania,Turkey,0.0,2477.750589173
Romania,United Kingdom,0.0,1183.742387461
Romania,France,0.0,1146.89673846
Romania,Spain,0.0,591.885791804
Sudan,China,10.33368052441,0.0
Sudan,Zimbabwe,5.155672471,0.0
Sudan,South Africa,4.032307244057,0.0
Sudan,United States of America,2.89995620703,0.0
Sudan,Poland,2.70937881846,0.0
Sudan,India,2.6641015313,0.0
Sudan,Taiwan,2.33907482506,0.0
Sudan,Japan,1.84320329645,0.0
Sudan,Others,31.9021071877818,0.0
Sudan,Albania,0.0,0.0
Sudan,Algeria,0.0,0.0
Sudan,Andorra,0.0,0.0
Sudan,Angola,0.0,0.0
Sudan,Antigua and Barbuda,0.0,0.0
Sudan,Argentina,0.0,0.0
Sudan,Aruba,0.0,0.0
Sudan,Afghanistan,0.0,0.0
Greenland,Denmark,90.5274739363,0.0
Greenland,China,38.33992012857,0.0
Greenland,Poland,22.4729084992,0.0
Greenland,Germany,19.0314035316274,0.0
Greenland,United States of America,14.62055431989,0.0
Greenland,India,10.27503995319,0.0
Greenland,Norway,10.230197313,0.0
Greenland,Netherlands,5.96278213768,0.0
Greenland,Others,97.2060786298539,0.0
Greenland,Albania,0.0,0.0
Greenland,Algeria,0.0,0.0
Greenland,Andorra,0.0,0.0
Greenland,Angola,0.0,0.0
Greenland,Antigua and Barbuda,0.0,0.0
Greenland,Argentina,0.0,0.0
Greenland,Aruba,0.0,0.0
Greenland,Afghanistan,0.0,0.0
Equatorial Guinea,Others,0.0,0.0
Costa Rica,United States of America,2916.987967737,1264.10909394
Costa Rica,China,1099.1463696607,0.0
Costa Rica,Mexico,376.618654582563,107.660072403
Costa Rica,Japan,201.6574505972,0.0
Costa Rica,India,173.28643040656,0.0
Costa Rica,Brazil,169.0424098107,0.0
Costa Rica,South Korea,155.1597385658,0.0
Costa Rica,Taiwan,152.3444493977,0.0
Costa Rica,Others,1888.60438211859,869.77615113414
Costa Rica,United Kingdom,0.0,215.86085273
Costa Rica,Panama,0.0,141.421244535
Costa Rica,Nicaragua,0.0,103.550843494
Costa Rica,Guatemala,0.0,97.849453106
Costa Rica,Germany,0.0,81.43581644
Costa Rica,El Salvador,0.0,75.107488924
Greece,China,7575.77597204183,0.0
Greece,Germany,3212.97102101033,836.75296458457
Greece,Italy,2268.6466819233,760.88875903383
Greece,United States of America,2042.119503226,916.2127139186
Greece,Bulgaria,1765.5372201259,344.872377316066
Greece,India,1717.743497443,0.0
Greece,Algeria,1117.03983421,0.0
Greece,France,872.7973561806,370.83827897478
Greece,Others,12724.0705376652,3946.94442234019
Greece,United Kingdom,0.0,561.3113878727
Greece,Turkey,0.0,467.17279148132
Greece,Albania,0.0,332.3308353332
Comoros,Others,0.0,0.0
China,South Korea,95451.328332,79523.4038138507
China,Japan,69777.9462394,211407.330231063
China,United States of America,67054.4226827,501965.416387193
China,India,44272.60473496,61113.6115529622
China,Germany,27992.1172008947,98151.1689715594
China,Indonesia,19943.703753228,0.0
China,Malaysia,19827.6563386,0.0
China,Australia,18694.1386355,0.0
China,Others,188880.907291731,727405.862597583
China,Hong Kong,0.0,230829.825626792
China,United Kingdom,0.0,89309.6826961196
China,Canada,0.0,54871.2844638079
Liechtenstein,China,11.35028329545,0.0
Liechtenstein,India,5.14645105657,0.0
Liechtenstein,South Africa,4.810432526063,0.0
Liechtenstein,Zimbabwe,4.458061151,0.0
Liechtenstein,United States of America,3.95853408673,0.0
Liechtenstein,Poland,3.9036298196,0.0
Liechtenstein,Taiwan,3.40510897923,0.0
Liechtenstein,Vietnam,3.3466521257455,0.0
Liechtenstein,Others,58.9404615076205,0.0
Liechtenstein,Albania,0.0,0.0
Liechtenstein,Algeria,0.0,0.0
Liechtenstein,Andorra,0.0,0.0
Liechtenstein,Angola,0.0,0.0
Liechtenstein,Antigua and Barbuda,0.0,0.0
Liechtenstein,Argentina,0.0,0.0
Liechtenstein,Aruba,0.0,0.0
Liechtenstein,Afghanistan,0.0,0.0
Denmark,China,8302.19498386038,732.69350908
Denmark,Germany,4421.15632873204,1408.506681477
Denmark,United States of America,2236.764845404,1291.602294556
Denmark,India,1500.1455662464,0.0
Denmark,Poland,1123.1365741337,0.0
Denmark,United Kingdom,1048.59045643986,1225.004792625
Denmark,Netherlands,985.7401670304,0.0
Denmark,Sweden,901.37598514,1308.2371947737
Denmark,Others,10595.9482916694,4935.0978607113
Denmark,Norway,0.0,694.3514133071
Denmark,France,0.0,588.7187198938
Denmark,Italy,0.0,430.4615805673
Guyana,United States of America,31030.48893294,3.9984628635
Guyana,Trinidad and Tobago,14669.6901834,0.51382718596
Guyana,Venezuela,6738.361921027,0.0
Guyana,China,6202.41128571966,0.560503489
Guyana,Japan,2438.59152771,0.0
Guyana,India,1818.1136439443,0.0
Guyana,Netherlands,1701.3032289239,0.58007256172
Guyana,United Kingdom,1287.336405484,2.5210966235
Guyana,Others,10092.8002098909,6.21014969914889
Guyana,Canada,0.0,0.9793814284
Guyana,Jamaica,0.0,0.75156061287
Guyana,Germany,0.0,0.5445752604
Luxembourg,Germany,2678.75729752149,670.94306429
Luxembourg,China,2139.78257568499,338.011637206
Luxembourg,Belgium,1727.564988156,280.2673632515
Luxembourg,United States of America,1327.9369382274,485.318773393
Luxembourg,France,905.0620591904,725.294591222
Luxembourg,India,539.1028133012,0.0
Luxembourg,Netherlands,534.81445067635,0.0
Luxembourg,Italy,346.52647588565,451.633983103
Luxembourg,Others,3690.09948210077,2014.3917906705
Luxembourg,United Kingdom,0.0,341.955172664
Luxembourg,Spain,0.0,221.2123896137
Kenya,India,3650.028254152,66.4777087542
Kenya,China,1658.19387724076,0.0
Kenya,South Africa,1428.412477387,0.0
Kenya,United States of America,851.2846525102,85.5063142344
Kenya,Japan,499.3339756151,0.0
Kenya,United Kingdom,360.0300548622,128.5286635953
Kenya,Germany,315.684584139403,63.3301864645
Kenya,Egypt,225.999478896,0.0
Kenya,Others,2824.70731462067,602.81399371136
Kenya,Uganda,0.0,438.6715040387
Kenya,Tanzania,0.0,159.0157321124
Kenya,Democratic Republic of the Congo,0.0,99.3470198513
Kenya,Rwanda,0.0,66.305404875
Vanuatu,Australia,26.95349465601,0.0
Vanuatu,China,23.94864890245,1.17185221
Vanuatu,India,11.72070900083,11.98345257
Vanuatu,Japan,9.31890983503,3.38754762
Vanuatu,United States of America,6.45619426361,1.418679215
Vanuatu,New Zealand,6.3168132109243,0.0
Vanuatu,South Africa,4.656596434172,0.0
Vanuatu,Taiwan,4.31143269777,0.0
Vanuatu,Others,70.0445565449012,11.5545780861988
Vanuatu,Indonesia,0.0,6.062498772
Vanuatu,Serbia,0.0,3.78851514
Vanuatu,South Korea,0.0,1.110082929
Vanuatu,Germany,0.0,0.582114798
Guatemala,United States of America,2445.517760675,1541.47144985
Guatemala,China,836.88641768863,0.0
Guatemala,Mexico,656.026951808425,157.975952952
Guatemala,El Salvador,312.9281064108,537.1515669882
Guatemala,Panama,200.0899557078,105.8091277294
Guatemala,Taiwan,192.95698703543,0.0
Guatemala,India,181.1368069953,0.0
Guatemala,Japan,160.1320493092,0.0
Guatemala,Others,1793.68812144517,754.583676952078
Guatemala,Honduras,0.0,239.5273088367
Guatemala,Costa Rica,0.0,140.905096725
Guatemala,Nicaragua,0.0,130.0387821882
Guatemala,Germany,0.0,87.569051452
Cambodia,China,1516.33314064383,117.7771553
Cambodia,Thailand,519.0153936224,51.68393424
Cambodia,Vietnam,347.115474245326,40.50560587
Cambodia,Taiwan,262.38387212435,0.0
Cambodia,India,174.8730396821,0.0
Cambodia,Malaysia,165.119414947,0.0
Cambodia,Japan,163.1625389596,39.00366385
Cambodia,South Korea,150.6259999618,0.0
Cambodia,Others,800.584781735591,311.575320747384
Cambodia,United States of America,0.0,570.424775
Cambodia,Singapore,0.0,66.84827034
Cambodia,United Kingdom,0.0,57.6088093
Cambodia,Germany,0.0,53.9774855
Angola,South Africa,2194.756238878,0.0
Angola,China,782.22445330178,5623.9619232
Angola,Portugal,719.6174903541,0.0
Angola,United States of America,586.5921353033,3324.097478
Angola,Brazil,453.6535826433,0.0
Angola,India,397.0833998644,0.0
Angola,Namibia,311.063695921,0.0
Angola,Germany,160.615693096604,182.84881002
Angola,Others,1627.59792905394,1839.14332154317
Angola,South Korea,0.0,788.67007422
Angola,Spain,0.0,450.65467641
Angola,France,0.0,372.20717233
Angola,Japan,0.0,291.25914515
Angola,Hong Kong,0.0,189.5957899
Bhutan,China,63.53881100767,16.01706294
Bhutan,India,59.6773697302,332.80376049
Bhutan,Japan,55.7792642867,6.84742408
Bhutan,United States of America,23.6920986845,26.21264211
Bhutan,Thailand,21.5501939293,0.0
Bhutan,Taiwan,14.3149485357,0.0
Bhutan,South Korea,11.3172281746,0.0
Bhutan,Vietnam,10.4685915059679,0.0
Bhutan,Others,211.748443711797,150.527840851426
Bhutan,Serbia,0.0,31.01395193
Bhutan,United Kingdom,0.0,9.21294794
Bhutan,Germany,0.0,8.13663818
Bhutan,Nigeria,0.0,4.990254221
Bulgaria,China,1854.34578151347,0.0
Bulgaria,Germany,871.325454747455,2426.821464498
Bulgaria,Turkey,467.9930210245,2885.016946295
Bulgaria,United States of America,427.5753758544,2055.648365047
Bulgaria,Italy,410.727352873692,2145.927443688
Bulgaria,Greece,344.872377316066,1765.5372201259
Bulgaria,India,327.4387090418,0.0
Bulgaria,Romania,309.268317554,1008.6996052406
Bulgaria,Others,2964.00504256759,8707.11565697784
Bulgaria,France,0.0,1460.414616271
Bulgaria,United Kingdom,0.0,1107.763187427
Grenada,Others,0.0,0.0
Georgia,Turkey,462.063807198,270.90278318
Georgia,China,195.03428785536,52.51092157
Georgia,Bulgaria,169.9365789757,0.0
Georgia,Germany,138.238003807825,55.07099673
Georgia,United States of America,127.3229853188,94.13953476
Georgia,India,72.0641557642,0.0
Georgia,Italy,49.033601342494,56.584671181
Georgia,Romania,37.1715738203,0.0
Georgia,Others,527.380453270302,467.03130027784
Georgia,France,0.0,81.165329815
Georgia,Serbia,0.0,53.52678723
Georgia,United Kingdom,0.0,39.66519811
New Caledonia,Australia,167.8229701752,37.101680914
New Caledonia,China,120.41914328618,55.06220805
New Caledonia,France,112.78649417693,23.632637962
New Caledonia,United States of America,45.435319621,43.03931915
New Caledonia,New Zealand,33.291157521751,0.0
New Caledonia,Germany,30.1508980156728,0.0
New Caledonia,India,22.40157069976,0.0
New Caledonia,Japan,20.6592274524,84.86030137
New Caledonia,Others,263.274778984472,138.34376476371
New Caledonia,South Korea,0.0,16.351398519
New Caledonia,Serbia,0.0,14.7906573
New Caledonia,Spain,0.0,11.274739967
Pakistan,China,7039.02969202647,5305.7891852
Pakistan,India,1147.1590779543,0.0
Pakistan,United States of America,831.9242218191,7534.71829889
Pakistan,Japan,651.499370051,1090.57341646
Pakistan,South Korea,503.042007902,0.0
Pakistan,Thailand,447.26982044179,0.0
Pakistan,Taiwan,434.90859435975,0.0
Pakistan,Germany,374.578661588988,2036.99629538
Pakistan,Others,2910.27386254174,9604.36773234564
Pakistan,Hong Kong,0.0,1709.42652537
Pakistan,United Kingdom,0.0,1697.26026413
Pakistan,France,0.0,996.60030546
Pakistan,Canada,0.0,996.072563818
Rwanda,India,182.6202301987,0.0
Rwanda,China,140.71927682012,10.147787179
Rwanda,United States of America,85.5485138151,5.534213262
Rwanda,Kenya,66.305404875,0.0
Rwanda,South Africa,61.24070266,2.25676828
Rwanda,Japan,36.2290546885,0.0
Rwanda,Germany,30.8049031532633,2.500837203
Rwanda,Belgium,27.7123903813,0.0
Rwanda,Others,405.142384559489,28.771776681992
Rwanda,Serbia,0.0,6.8497578
Rwanda,Hong Kong,0.0,3.301767524
Rwanda,United Kingdom,0.0,1.921445119
Rwanda,Malaysia,0.0,1.809237522
Algeria,China,5331.00812243909,2738.6675304
Algeria,United States of America,1542.0208476401,16773.3775266
Algeria,France,1196.9697825053,16281.03848881
Algeria,Germany,958.744223607077,5287.81679966
Algeria,India,895.4740563554,0.0
Algeria,Spain,803.91149322543,7309.28154049
Algeria,Italy,787.79371273834,4237.0514822
Algeria,Turkey,550.2797416599,0.0
Algeria,Others,4546.89035801408,23504.3193767368
Algeria,Brazil,0.0,6567.34927169
Algeria,United Kingdom,0.0,4057.9198372
Kiribati,Others,0.0,0.0
Syria,China,2093.39164344206,314.99205175
Syria,India,834.1846123036,0.0
Syria,United States of America,318.8699521675,711.75338541
Syria,Germany,316.877953677216,1754.1472547
Syria,Turkey,276.1430071252,1495.38900392
Syria,Italy,219.482673560584,1186.41235914
Syria,Taiwan,194.1738194161,0.0
Syria,Japan,152.2835749462,0.0
Syria,Others,1559.79733930988,2942.3590450926
Syria,France,0.0,878.25410518
Syria,Spain,0.0,662.53106627
Syria,United Kingdom,0.0,443.3402155
Bermuda,United States of America,166.4280014551,3.9588397017
Bermuda,China,86.60793223431,0.0
Bermuda,Japan,34.5499355125,0.0
Bermuda,United Kingdom,26.951879566824,1.8448118013
Bermuda,Taiwan,18.67782795808,0.0
Bermuda,Italy,15.399163536967,0.0
Bermuda,India,14.98753693274,0.0
Bermuda,Canada,14.6382065174345,0.0
Bermuda,Others,151.718526606126,21.0258074564898
Bermuda,Norway,0.0,13.05969078925
Bermuda,Switzerland,0.0,2.2667350489
Bermuda,Luxembourg,0.0,1.72682245571
Bermuda,Germany,0.0,1.5445889437
Bermuda,Nigeria,0.0,1.50226797602
Bermuda,Serbia,0.0,1.381198736
Finland,China,6318.12362824389,2198.072951
Finland,Germany,2429.7662049902,1440.00514775
Finland,United States of America,2284.161986025,2528.1137388
Finland,India,1011.9714995856,0.0
Finland,Japan,810.548705884,617.89899276
Finland,United Kingdom,673.75164433854,1451.1891631
Finland,Italy,587.80690485816,724.50648275
Finland,Sweden,548.93946623,1213.71673539
Finland,Others,7743.42663446377,8089.39209149051
Finland,France,0.0,970.94007554
Antigua and Barbuda,United States of America,149.1486124648,3.867707598
Antigua and Barbuda,Trinidad and Tobago,25.892664846,0.0
Antigua and Barbuda,Netherlands,23.52962660297,2.5599368
Antigua and Barbuda,China,22.6061584609,3.37845727
Antigua and Barbuda,Japan,8.32535305506,0.0
Antigua and Barbuda,Canada,8.02513891962719,0.0
Antigua and Barbuda,Croatia,7.5422983963,0.0
Antigua and Barbuda,India,6.64587438825,0.0
Antigua and Barbuda,Others,87.0877845151421,33.535941079494
Antigua and Barbuda,Germany,0.0,8.93008595
Antigua and Barbuda,Serbia,0.0,8.80424953
Antigua and Barbuda,South Korea,0.0,6.756785583
Antigua and Barbuda,Guyana,0.0,6.32503213
Antigua and Barbuda,United Kingdom,0.0,2.095345049
South Korea,China,79523.4038138507,95451.328332
South Korea,United States of America,28756.51746276,40649.45049263
South Korea,Japan,24017.69258851,22933.82716466
South Korea,India,7805.453150304,8592.01183684
South Korea,Taiwan,6967.4977770933,0.0
South Korea,Indonesia,6799.544344993,5569.8441165
South Korea,Australia,6251.692725019,0.0
South Korea,Malaysia,4839.81347978,0.0
South Korea,Others,42395.6818706094,65164.6327834071
South Korea,Hong Kong,0.0,9007.4945873
South Korea,United Kingdom,0.0,5623.3655511
South Korea,Germany,0.0,5023.0860598
Timor-Leste,Others,0.0,0.0
Samoa,United States of America,15.82792381307,2.446804414
Samoa,China,12.65160529262,1.568711398
Samoa,Australia,11.81244805754,20.637038362
Samoa,New Zealand,9.9880707584392,0.6960366206
Samoa,India,4.700928750796,0.6632274215
Samoa,Japan,4.5953397728,0.932981587
Samoa,South Africa,4.029080647707,0.0
Samoa,Zimbabwe,3.871432804,0.0
Samoa,Others,54.3283527154841,12.9754222169423
Samoa,Serbia,0.0,5.414866515
Samoa,Thailand,0.0,0.6209823409
Zambia,South Africa,2184.547786765,139.8616511203
Zambia,India,410.9973963409,114.062714054
Zambia,China,299.58504498817,242.208560842
Zambia,United States of America,107.6995191018,80.36347146
Zambia,Japan,47.5298385125,86.496592124
Zambia,United Kingdom,43.82171689238,38.036302564
Zambia,Germany,43.60064917109,32.154977025
Zambia,Botswana,34.7700214391,0.0
Zambia,Others,385.913122762331,467.101740944006
Zambia,Democratic Republic of the Congo,0.0,303.950754622
Sri Lanka,India,6165.7777932316,241.13511275
Sri Lanka,China,1234.19014388117,136.720473815
Sri Lanka,Japan,358.8768926541,197.727498239
Sri Lanka,United States of America,335.6022731908,1327.002672114
Sri Lanka,South Korea,308.851733944,0.0
Sri Lanka,Taiwan,292.99972880746,0.0
Sri Lanka,Indonesia,287.26832521682,0.0
Sri Lanka,Malaysia,254.019834826,0.0
Sri Lanka,Others,1641.60049941985,1272.32372446934
Sri Lanka,United Kingdom,0.0,499.85370678
Sri Lanka,Germany,0.0,277.6250576596
Sri Lanka,France,0.0,167.4157546242
Sri Lanka,Italy,0.0,113.9485797245
Congo,India,358.9278098805,79.3430184965
Congo,China,235.04131255826,1526.25286926
Congo,United States of America,127.5211158829,570.587891381
Congo,South Africa,105.708120843,0.0
Congo,France,74.41508182856,60.3471674113
Congo,Germany,41.5219032383969,0.0
Congo,Cameroon,36.656137004,0.0
Congo,Italy,34.253304883516,0.0
Congo,Others,376.586840759749,583.576154611399
Congo,South Korea,0.0,748.064186796
Congo,Japan,0.0,127.4325102211
Congo,Taiwan,0.0,88.384898395
Congo,Hong Kong,0.0,77.0793542733
Nicaragua,United States of America,531.4987568407,395.53771544
Nicaragua,China,162.19701446581,0.0
Nicaragua,Guatemala,130.0387821882,40.8537761295
Nicaragua,Costa Rica,103.550843494,81.482632076
Nicaragua,El Salvador,102.899549626,80.704692914
Nicaragua,Mexico,101.281206342415,26.876404387
Nicaragua,Taiwan,83.38178987421,0.0
Nicaragua,Panama,81.87678073969,25.7459166087
Nicaragua,Others,637.946112383735,213.638517090625
Nicaragua,Honduras,0.0,62.846288468
Nicaragua,Germany,0.0,25.214809743
Bolivia,China,876.13848102213,267.41146404
Bolivia,United States of America,714.7408177049,555.61489338
Bolivia,Brazil,503.197553731,3052.71473151
Bolivia,Argentina,501.103732614167,180.43859212
Bolivia,Chile,281.35256776364,141.64523005
Bolivia,Peru,115.832344159,206.1023561
Bolivia,Japan,97.8481467005,0.0
Bolivia,India,89.4678530287,0.0
Bolivia,Others,818.003841234039,945.39076459158
Bolivia,Colombia,0.0,512.93284595
Bolivia,Venezuela,0.0,160.66806429
Haiti,United States of America,362.3077064781,270.74769323
Haiti,China,121.59875160733,4.776020586
Haiti,India,53.11424304096,0.0
Haiti,Taiwan,23.80184146066,0.0
Haiti,Japan,23.33395315783,2.561515157
Haiti,Brazil,15.95511489555,0.0
Haiti,Germany,14.0954850812867,3.750322049
Haiti,South Korea,13.5881303293,0.0
Haiti,Others,232.729094953904,45.020296603617
Haiti,Serbia,0.0,12.20697475
Haiti,France,0.0,10.078470179
Haiti,Canada,0.0,6.613648036
Haiti,United Kingdom,0.0,3.476274939
Nauru,Others,0.0,0.0
Lebanon,China,2513.36934058913,0.0
Lebanon,India,863.1882949385,0.0
Lebanon,United States of America,674.2636861825,155.71578129
Lebanon,Egypt,452.422114013,85.921629682
Lebanon,Italy,444.736652680804,47.017152538
Lebanon,Germany,420.483845532539,0.0
Lebanon,France,251.70344531562,66.973997279
Lebanon,Turkey,229.5020019839,53.80166898
Lebanon,Others,2944.23030280213,726.52947456016
Lebanon,Switzerland,0.0,97.95321062
Lebanon,United Kingdom,0.0,58.978692772
Lebanon,Spain,0.0,41.402643383
Cuba,China,2511.10845384969,808.43930665
Cuba,Spain,783.501203390165,249.092954952
Cuba,Mexico,383.280418283774,0.0
Cuba,Canada,302.022175987675,144.338876894
Cuba,Venezuela,270.0431168105,0.0
Cuba,United States of America,267.2138998007,93.778137917
Cuba,India,201.62952912066,0.0
Cuba,Italy,199.548824948721,0.0
Cuba,Others,1940.41289131388,749.35103263012
Cuba,Germany,0.0,136.981072153
Cuba,France,0.0,120.722140962
Cuba,Japan,0.0,117.692529587
Cuba,Hong Kong,0.0,115.896003966
Brazil,China,31466.5167826679,7687.957482
Brazil,United States of America,23044.37805764,15461.99464296
Brazil,Argentina,14138.7848578039,10628.34314158
Brazil,India,7025.038650107,0.0
Brazil,Algeria,6567.34927169,0.0
Brazil,Germany,5425.66650029051,3013.48274088
Brazil,North Korea,3578.8189234,0.0
Brazil,Japan,3531.678576416,2553.360268857
Brazil,Others,40729.6958022328,30372.8724818741
Brazil,United Kingdom,0.0,2060.478131241
Brazil,Chile,0.0,2018.685721431
Brazil,Mexico,0.0,1997.198876532
Nigeria,China,9412.28596260392,2130.216897347
Nigeria,India,7770.4815255295,0.0
Nigeria,United States of America,2577.15661027,16124.794471993
Nigeria,Germany,1401.0375453324,1174.096385826
Nigeria,United Kingdom,961.4048905513,0.0
Nigeria,South Africa,850.530138036,0.0
Nigeria,Japan,806.725346545,956.886571617
Nigeria,South Korea,590.714584117,0.0
Nigeria,Others,7195.23247454539,9781.48907289974
Nigeria,Spain,0.0,6662.379148799
Nigeria,Brazil,0.0,2083.139176796
Nigeria,France,0.0,2068.646866212
Nigeria,Portugal,0.0,935.4478545482
Libya,China,665.43082062181,1006.84504809
Libya,Tunisia,334.02297086,0.0
Libya,Italy,326.871231407472,8117.61396473
Libya,India,233.3187245557,0.0
Libya,Germany,225.589538626314,4129.30633742
Libya,Turkey,188.8230249426,1207.67898932
Libya,United Kingdom,137.67997722493,1672.98465945
Libya,South Korea,121.603095991,0.0
Libya,Others,1112.15103227254,7303.45546305775
Libya,Spain,0.0,5343.77013867
Libya,France,0.0,1614.41109522
Libya,United States of America,0.0,1479.8649029
Mali,China,286.24382796158,0.0
Mali,Ivory Coast,142.24290266,22.1401907643
Mali,South Africa,93.6176929686,0.0
Mali,India,83.8882698553,19.611074414
Mali,France,75.69123435051,6.609422662
Mali,United States of America,65.0107418454,7.87718774
Mali,Senegal,60.3857167639,23.2012356476
Mali,Japan,36.5371516819,0.0
Mali,Others,387.846692684076,81.787949671636
Mali,Thailand,0.0,9.304099954
Mali,Burkina Faso,0.0,8.773109512
Mali,Serbia,0.0,8.46625111
Bangladesh,India,9692.5974829311,542.00865929
Bangladesh,China,6893.06967828799,500.17535861
Bangladesh,South Korea,782.465420806,0.0
Bangladesh,Japan,575.759969365,313.8699416
Bangladesh,United States of America,573.4248941252,4567.6842238
Bangladesh,Taiwan,499.00901899833,0.0
Bangladesh,Thailand,459.92281241382,0.0
Bangladesh,Indonesia,384.60559144127,0.0
Bangladesh,Others,2267.68234249184,3134.82557262443
Bangladesh,United Kingdom,0.0,854.790768
Bangladesh,Germany,0.0,806.12335855
Bangladesh,France,0.0,476.77465977
Bangladesh,Italy,0.0,433.52164929
Israel,China,5305.92998408103,1053.1452757484
Israel,United States of America,3915.197991758,4632.033916694
Israel,Germany,1983.92625128362,953.8060695601
Israel,India,1853.7425713237,814.3393540522
Israel,Turkey,1358.923118739,602.1400911585
Israel,Italy,1049.97106861965,0.0
Israel,United Kingdom,740.6678822644,912.6788222933
Israel,South Africa,697.799734837,0.0
Israel,Others,8463.30477180114,6407.2779939029
Israel,France,0.0,665.5883927329
Israel,Japan,0.0,542.8352144835
Oman,India,2599.6062114424,528.582873319
Oman,China,1154.05785961707,14911.9851635
Oman,Japan,764.354050631,3828.28668762
Oman,United States of America,607.957843404,5187.11817712
Oman,Germany,281.435809806257,0.0
Oman,Pakistan,232.421272147,0.0
Oman,Australia,231.1719799584,0.0
Oman,South Korea,200.336871239,6797.94053253
Oman,Others,1990.94101813392,5794.27303117873
Oman,Thailand,0.0,1746.0839358
Oman,Hong Kong,0.0,631.63096749
Oman,Malaysia,0.0,551.720681482
Sao Tome and Principe,Portugal,9.3896155523,0.0
Sao Tome and Principe,China,9.07954237742,0.74063524
Sao Tome and Principe,South Africa,4.196148633839,0.0
Sao Tome and Principe,Zimbabwe,3.931965562,0.0
Sao Tome and Principe,India,3.741608767875,0.0
Sao Tome and Principe,Poland,3.6123522253,0.0
Sao Tome and Principe,United States of America,3.48708698741,0.715012982
Sao Tome and Principe,Japan,3.41183311047,0.37594944
Sao Tome and Principe,Others,51.1863429270249,8.01265142919445
Sao Tome and Principe,Serbia,0.0,3.254377987
Sao Tome and Principe,United Kingdom,0.0,0.355896619
Sao Tome and Principe,Turkey,0.0,0.3359727087
Sao Tome and Principe,Germany,0.0,0.300321314
Sao Tome and Principe,Montenegro,0.0,0.2982363476
Somalia,China,5.44246073872,2.47163071
Somalia,Zimbabwe,4.993926918,0.0
Somalia,South Africa,4.01226358536,0.0
Somalia,India,3.851523137106,2.212707637
Somalia,Poland,2.42208749983,0.0
Somalia,Taiwan,2.25294144364,0.0
Somalia,Vietnam,2.0853547516232,0.0
Somalia,United States of America,2.08106679795,3.13133812
Somalia,Others,34.5320860152479,25.23185878519
Somalia,Serbia,0.0,4.67692733
Somalia,Nigeria,0.0,2.60146079
Somalia,Japan,0.0,1.865871596
Somalia,United Kingdom,0.0,1.573164119
Somalia,Germany,0.0,0.924785298
Spain,China,34655.3668920983,3891.569950393
Spain,Germany,12518.0909962695,6156.98890494151
Spain,United States of America,9153.149256048,8131.4082504861
Spain,India,7507.462941746,0.0
Spain,Algeria,7309.28154049,0.0
Spain,France,6804.400161679,9404.49949227734
Spain,Nigeria,6662.379148799,0.0
Spain,Italy,6652.14296745584,5568.68821492513
Spain,Others,55179.4811396382,31426.2671033223
Spain,United Kingdom,0.0,6378.358066494
Spain,Portugal,0.0,5334.27181310054
Spain,Turkey,0.0,2173.93967670827
Afghanistan,China,309.81883765429,13.07699803
Afghanistan,India,302.3647539023,210.84620039
Afghanistan,Japan,123.9468753563,0.0
Afghanistan,South Korea,119.014070797,0.0
Afghanistan,United States of America,88.626436556,11.4329734
Afghanistan,Indonesia,57.929633127093,0.0
Afghanistan,Germany,42.9052446349597,15.62558488
Afghanistan,Thailand,41.81732199395,0.0
Afghanistan,Others,408.651531509407,114.96140253832
Afghanistan,Serbia,0.0,24.9131471
Afghanistan,United Kingdom,0.0,10.95626351
Afghanistan,Turkey,0.0,9.16346322
Afghanistan,Finland,0.0,6.967112293
Portugal,Spain,5334.27181310054,2320.56420808
Portugal,China,4625.05460483971,570.25751225
Portugal,Germany,2760.42105245166,1492.50855076
Portugal,United States of America,1440.787005302,1532.59984354
Portugal,India,1223.7899308792,0.0
Portugal,France,1160.2790441045,1311.63545236
Portugal,Italy,1092.42417807189,574.878110436
Portugal,Nigeria,935.4478545482,0.0
Portugal,Others,9110.44842534066,4947.98658844959
Portugal,United Kingdom,0.0,1395.41541914
Portugal,Angola,0.0,719.6174903541
Ethiopia,India,997.84649655,0.0
Ethiopia,China,649.472171806284,214.0456102
Ethiopia,United States of America,252.9990984087,375.9334996
Ethiopia,Japan,89.8667784319,372.9599798
Ethiopia,Italy,85.895113856241,117.85944433
Ethiopia,South Africa,75.9630241251,0.0
Ethiopia,Germany,73.475275949768,300.2985337
Ethiopia,Turkey,56.4834851982,0.0
Ethiopia,Others,519.965677504246,1182.1646035575
Ethiopia,United Kingdom,0.0,138.12980747
Ethiopia,Serbia,0.0,113.05414903
Ethiopia,France,0.0,94.73891143
Papua New Guinea,Australia,760.9290667904,1105.43271365
Papua New Guinea,China,400.49696805257,916.00492382
Papua New Guinea,India,103.41071628737,0.0
Papua New Guinea,United States of America,92.6871976029,319.675548069
Papua New Guinea,Indonesia,83.93594602349,0.0
Papua New Guinea,Malaysia,73.984570898,0.0
Papua New Guinea,Japan,71.8184854445,526.09152554
Papua New Guinea,Thailand,52.28375911729,0.0
Papua New Guinea,Others,367.745530384435,949.64226278991
Papua New Guinea,South Korea,0.0,199.183392964
Papua New Guinea,Germany,0.0,136.367141197
Papua New Guinea,United Kingdom,0.0,106.668406896
Papua New Guinea,Italy,0.0,86.562497718
Seychelles,South Africa,109.9699558405,0.0
Seychelles,China,55.43357408177,0.0
Seychelles,India,54.42240533211,0.0
Seychelles,United States of America,17.20752953218,10.45631276
Seychelles,United Kingdom,9.326863792061,23.13988549
Seychelles,Italy,9.273819316215,7.944901599
Seychelles,Malaysia,9.0746370132,0.0
Seychelles,Japan,8.85464919079,6.384089841
Seychelles,Others,139.243113817241,50.91958158928
Seychelles,France,0.0,13.280858949
Seychelles,Serbia,0.0,9.5060323
Seychelles,Germany,0.0,9.206209941
Seychelles,Netherlands,0.0,4.7309033761
Mexico,United States of America,52014.20819849,73749.4720573806
Mexico,China,28041.7337168537,2396.00760606742
Mexico,India,5315.3889855112,0.0
Mexico,Canada,2962.97412661011,4393.27662941029
Mexico,Germany,2830.03794238481,1084.68410025614
Mexico,Japan,2681.428719744,1778.19316063452
Mexico,South Korea,2510.417826075,0.0
Mexico,Brazil,1997.198876532,1435.8761132058
Mexico,Others,22705.3935982627,13431.934750069
Mexico,Spain,0.0,1498.86607659219
Mexico,United Kingdom,0.0,1168.06453871213
Montenegro,China,127.43636695666,0.0
Montenegro,Taiwan,99.303868341,0.0
Montenegro,India,53.983228731,0.0
Montenegro,United States of America,39.0288922971,0.0
Montenegro,Vietnam,35.479940208212,0.0
Montenegro,Ethiopia,33.582673971,0.0
Montenegro,Australia,29.9979249223,0.0
Montenegro,South Africa,29.1812105112,0.0
Montenegro,Others,634.455032782336,0.0
Montenegro,Albania,0.0,0.0
Montenegro,Algeria,0.0,0.0
Montenegro,Andorra,0.0,0.0
Montenegro,Angola,0.0,0.0
Montenegro,Antigua and Barbuda,0.0,0.0
Montenegro,Argentina,0.0,0.0
Montenegro,Aruba,0.0,0.0
Montenegro,Afghanistan,0.0,0.0
New Zealand,China,5110.00716488266,1706.0699548296
New Zealand,Australia,4525.8123883599,2485.1958534067
New Zealand,United States of America,2489.389672525,1942.1638597784
New Zealand,Japan,983.488191575,1510.8733939632
New Zealand,India,978.9524798846,0.0
New Zealand,Germany,591.549221343405,0.0
New Zealand,South Korea,533.636350192,620.44585669919
New Zealand,Malaysia,373.465214172,0.0
New Zealand,Others,3818.79901853189,4892.41302290285
New Zealand,United Kingdom,0.0,578.58483090385
New Zealand,Guyana,0.0,473.00902501725
New Zealand,Hong Kong,0.0,472.46191688428
